wrld_54e4eb6c-711d-4711-ae3d-cf9179bcbf7b	1	0	Latiprod	[Omori] Deeper Well HD	Explored
wrld_6a747546-1cee-4b60-b5ea-1c3d4d2ab501	1	0	Nerd Koopa	8-bit Cyberpunk Junction	Explored
wrld_5e9e9efc-6456-40d1-a4d3-e57ecc900284	1	0	Hayase Asakura	A calm day at the lake	Unexplored
wrld_437e803e-2c60-4249-b5b3-16c1ec55dd78	1	0	Stethr1	A place above the water	Unexplored
wrld_bfbfef9d-3084-41b5-b68a-97b2667a04c8	1	0	Mankey	Amber Glade	Explored
wrld_34693736-118a-4a1f-9b4d-95b866ed83a7	1	0	Vectriel	Astral Bounds	Explored
wrld_f9ac509f-b358-463e-ac46-7ca8707f8f84	1	0	Kᴏᴠᴀ	Ball Pit in Space	Unexplored
wrld_b2728671-9935-4595-b971-8e60bfcd1942	1	0	1001	Bamboo Temple	Unexplored
wrld_613b3df7-5c43-4a0f-9ba6-670e63e7f540	1	0	Showpow	Cherry Serrulata	Unexplored
wrld_1168bdb5-db28-4f36-8d09-3a0fae6e95e4	1	0	Hiyu	City of Glass (Night)	Explored
wrld_3d96d36d-f979-45af-b870-56f20e5e581a	1	0	DvLRaphy	City Scape	Unexplored
wrld_26c6bbfd-2cca-41f8-be8e-878b749e3b76	1	0	Juice...	CottonFox Isle	Unexplored
wrld_07681f2b-14ba-4c75-8848-b0578f624808	1	0	blueasis	Crafty Climbers	Unexplored
wrld_e2706d6a-58fe-47be-b735-010eeab19bc1	1	0	Winguv	Destr0yer	Unexplored
wrld_11c4b10a-614d-4cb1-b5f0-f9943161f657	1	0	剥_Haku	Fentalyh	Unexplored
wrld_e933926e-debb-4710-9e70-be164359fce4	1	0	Juice...	FiveSkies	Explored
wrld_59d1fe7f-507f-48a1-bf2c-2017ba799152	1	0	Silent	Foran Waterfall	Unexplored
wrld_f5dd279b-72fa-4b4b-abb8-b46e4b0e1d78	1	0	Furality	Furality Aqua: The Oceans of Luma	Explored
wrld_ae6ef128-b979-420d-87bb-333c1627bc59	1	0	LoveNecoV	Good Night Whales～おやすみ、僕らの世界～	Unexplored
wrld_6e898261-390c-4b50-9f2b-632f09d06ae0	1	0	AAYOISHO	Haadokkoi	Explored
wrld_c2d17549-7116-468d-ad7b-f3537342843d	1	0	meltingarmymen	Hachinosu Base Mars	Unexplored
wrld_865570fd-5a54-4974-910c-b3b76b1b38ce	1	0	Kuwamai	HIPPARCOS SALON	Unexplored
wrld_a64506cd-a070-422d-9002-0ab1954cb118	1	0	lox9973	Honeycomb 61	Unexplored
wrld_a8912308-d979-407e-b744-4a6a760ff86e	1	0	nprowler	Horse Mountain	Explored
wrld_e38d170b-abe5-45a2-82c7-011cd71ba8a5	1	0	Lucifer MStar	Just Moved into Solitude	Explored
wrld_98db9e8c-0213-40d4-ba86-89fc38fcb08d	1	0	yoshio_will	Just Paint and Chill	Explored
wrld_9aafacdc-8752-4764-a6e8-35fc9034c38d	1	0	CKTheFrog	Kokiri Forest	Unexplored
wrld_dd3f4474-b40c-413e-9cf7-69ced6d6475e	1	0	VincentJones	Lakeview Hotel - SH2 [Update]	Unexplored
wrld_066616c9-1eb6-4931-9cf5-14ca5eba4be7	1	0	Fionna	Le Froge Ponde	Unexplored
wrld_183ac9fe-5b8c-428a-b815-643b2a4669ef	1	0	Lhun	Leake Street Tunnel	Unexplored
wrld_68a7d95a-ee11-486d-9a91-47c0947e4787	1	0	Silent	Library?	Unexplored
wrld_9fc0838d-6726-41e2-acc2-fe96c7459103	1	0	TontonDemon	Losange... | Chapter 1	Explored
wrld_08224159-9d4e-4fe8-991f-4904d17d9969	1	0	Bepsi Train	Lunar Capital	Explored
wrld_3f37d8a9-e795-4905-b549-59f7f167a822	1	0	ミツミル	Madilim na Kastilyo	Unexplored
wrld_8491dbb1-2e3e-45a5-becb-c6e7cb016d48	1	0	癒色えも（イシキ・エモ）	Meadow of Es	Unexplored
wrld_faff0345-9772-4f9f-8dd4-43ed288d278e	1	0	Moffco	Mofcosmos Space Illustration Gallery	Unexplored
wrld_deaddead-dead-dead-dead-deaddeaddead	1	0	Table.	Mortem	Unexplored
wrld_b0ffc826-72f3-4e96-bbde-b2664a29c841	1	0	pandaaxolotl	MUSHROOM	Unexplored
wrld_a5916928-90fa-4b4d-8356-77dbbf635270	1	0	Vectriel	Mysterious Descent	Unexplored
wrld_f98ef072-86eb-4431-9505-212345650dbb	1	0	OPCherry	Night Church	Unexplored
wrld_3531b334-ee44-4502-9544-1760020b8c80	1	0	Blue Cat	Paracosm	Unexplored
wrld_12b8d9d8-d719-4925-bb07-5da0888f198d	1	0	Rio Grande	Paradise Untouched	Unexplored
wrld_6395d9fb-22f8-4f8b-a463-1debd44fa565	1	0	speedbuiz	Patchouli Park	Unexplored
wrld_3dd9347c-bf35-4f2d-9f85-4c337c3a1e14	1	0	アナゴ（shrimpfrog）	POLYGONIA DUSTY VALLEY [WIP]	Unexplored
wrld_3dd9347c-bf35-4f2d-9f85-4c337c3a1e14	1	0	アナゴ（shrimpfrog）	POLYGONIA FOREST OF AMESHINOGI ［WIP］*has a fun game where you have to take pictures of all the different species in it	Unexplored
wrld_dbbb67cf-d8bd-45ce-8c44-a8067c3e2216	1	0	Ethosaur	Project Japari Park V1.34 *I dont think this was ever fully finished but it was still fun to explore around all the different areas	Unexplored
wrld_210b8473-9bfd-477e-99cc-44fffb6bba52	1	0	_Asylum	Rainbow Ruins	Unexplored
wrld_065b9ec4-64e1-4350-81c8-cf24e555f926	1	0	gallen	Rainy Lookout	Unexplored
wrld_79914005-0a0f-45a1-9db0-df794a074b17	1	0	Showpow	Regis Reincarnatio	Unexplored
wrld_6ee371ee-53d3-4725-8e4f-bdcc14819038	1	0	walavanger	Riverside Bungalow	Explored
wrld_a244ea7c-0c05-4349-b146-b64006347e5d	1	0	Shatoo	Sakura Island	Unexplored
wrld_2e51333c-ac64-4dad-b8b6-6dfd4c4dea60	1	0	phi16	Single Step	Unexplored
wrld_1488782a-e63e-481c-a58d-33988e3d68c5	1	0	Monkey-Mafia	Sleeping tree	Explored
wrld_84c9fa78-391b-4f8c-a80b-31d3264867ea	1	0	Ethosaur	Slop & Slime Burgers	Unexplored
wrld_6760e7c7-8eec-4709-a2a4-3f53dfa0d70d	1	0	Arkîe	Snowboarding & Cablecar riding	Explored
wrld_715fcd1d-3678-4ad2-8a6a-989505a19cf1	1	0	Showpow	Snowy Borealis	Unexplored
wrld_9f91b177-4956-41b3-b178-f03f36dcd5e6	1	0	Ethosaur	Sol Station	Explored
wrld_a436b692-d21a-41f2-bfd7-0ac10babeb86	1	0	Showpow	Somnia Aeternus Animae	Unexplored
wrld_63bf7009-3011-4604-b7b8-3987ed6a99bb	1	0	phi16	Star Wand	Unexplored
wrld_e605629e-e06a-4be3-b9e0-379594dd5654	1	0	NewEden	Starlight Spire	Explored
wrld_c00d3ef8-cdb6-40ad-88e2-cce67d0ef14f	1	0	EstyOctober	Steps of the Campanula - カンパニュラの足音	Unexplored
wrld_c07536de-e2ae-40dd-bf1c-ebacf28bd12a	1	0	Ethosaur	Stormy Life Raft	Unexplored
wrld_d51cc8d4-7e10-4622-93e0-3f7396855c1f	1	0	_Asylum	Summer Mountains	Unexplored
wrld_9025a393-51b9-464a-899d-f687fa5c0f7f	1	0	_Asylum	Sunshine Cove	Explored
wrld_a55e60cf-f42e-4738-8708-176a2d3ae443	1	0	Rhemy	TeaScroll Clubhouse - Anaïs Faure	Unexplored
wrld_f39c8ee2-f774-4548-9162-3412147ab38f	1	0	FedericoSolmi	The Bathhouse	Unexplored
wrld_c670c420-f57c-4fbb-b73d-33b6c0d0f9f9	1	0	blueasis	The Junkyard!	Unexplored
wrld_eb488a9b-7fdd-4671-9726-16c4f19552d3	1	0	Blue Cat	The Shore [Night]	Unexplored
wrld_a3497b66-67aa-42a6-99cf-cd5147d82029	1	0	Zorgy Baby	The Summer House	Unexplored
wrld_5fdc0394-2ca7-4547-bb74-86ea95fa29a0	1	0	Zorgy Baby	The Summer House (4th of July Fireworks)	Unexplored
wrld_fc3b7cd5-4d7e-41c4-9029-cb7d4943e27f	1	0	EstyOctober	Trees Of Diaspora - 播種の樹	Unexplored
wrld_71c70c71-c70c-71c7-0c71-c70c71c70c71	1	0	Table.	Truancy	Unexplored
wrld_212e2fd9-7e06-446d-b654-3c4c20e53c0f	1	0	Merlin	Tuscany	Unexplored
wrld_3e81a173-8a0e-460d-adaa-5f8709632abc	1	0	Merlin	Tuscany DK1 Anniversary	Unexplored
wrld_9563b5da-a32f-4a41-b311-51df18e071fd	1	0	BigChickenLover	Underground Energy Core	Unexplored
wrld_54e86fa9-b6f1-4b34-aaa4-86db51e270be	1	0	Luftprut	Underwater Cave at Night	Unexplored
wrld_26db925e-4305-4045-8fa7-c99bb553d34b	1	0	ao + ki	Universal˸ Big Picture	Unexplored
wrld_ca761d13-5cb2-4a01-a658-1873712e6aad	1	0	れおぱぁど	UniverseSimulator	Unexplored
wrld_e8885b07-44ec-4acc-b096-a17e5c7cd0e6	1	0	nobelchoco	Venice Canal Widmann	Explored
wrld_68bb31aa-f123-4bc1-961d-d35c6304c81c	1	0	Blue Cat	World Repository	Explored
wrld_a471fd4a-1662-4dc2-b13c-861c935d9a0c	1	0	Blue Cat	World Repository [Daily Picks]	Explored
wrld_968d4cb8-14e5-4012-bd4a-ffdec172d475	1	0	doodledrop	Zom-BIT	Explored
wrld_5361fee2-865f-489b-b592-c3c9d55f7861	1	0	PhysisKITE	星が降る夜に。	Unexplored
wrld_721072e4-d72c-4e55-9282-39404fd9d078	1	0	Kano｜かの	異世界ブックカフェ ｜ Book cafe	Unexplored
