wrld_eddc74e2-9515-46ff-ac0d-c51a61919e0d	1	0	ぷこるふ	- Silent Nest - 声が出せない特別な空間	?
wrld_21e05a52-08d9-4d05-8307-101d6464944a	1	0	o_ゆうり_o	-yuuri-夏色庭園	?
wrld_bfe1db67-a230-4979-a4d0-9a52f9cfbaa1	1	0	いとるびー⁄itllbii	[JP]作業×和解HUB Labotamiento(ラボタミエント)	?
wrld_bfe1db67-a230-4979-a4d0-9a52f9cfbaa1	1	0	いとるびー⁄itllbii	［JP］作業×和解HUB Labotamiento（ラボタミエント）	Explored
wrld_754e1928-40ff-480a-8ffe-706b2891e966	1	0	山鳥はむYAMADORIHAM	【星骸の岩宿・夜】Stellaskalabri at Night（MOKURI PJ）	Explored
wrld_42291f89-62cb-4060-babb-7268d1e30ace	1	0	山鳥はむYAMADORIHAM	【星骸の岩宿・夜】Stellaskalabri（MOKURI PJ）	Explored
wrld_3fe37fe2-b2ad-4b22-b3a6-9f15ee509ba1	1	0	Dr․kokko	\ SuperBall /	?
wrld_4dff3c94-7a7e-4421-a56a-22775dac6896	1	0	CoffeeBanditVRC	~Twilight Tavern~	Explored
wrld_e96388b4-f0b2-4265-ab33-1cd248d6223a	1	0	MyroP	1969 house pool	?
wrld_2439027b-4a89-42d5-bde5-afc40ea76266	1	0	ReddPanda	2TD	?
wrld_36e6cda5-2edc-4856-b2a9-2df85deedba6	1	0	Olli42	42 (Answer)	?
wrld_566ff86a-bd70-4037-9bd5-7bba189e9267	1	0	Vasya	5 Пятёрочка Russian	?
wrld_566ff86a-bd70-4037-9bd5-7bba189e9267	1	0	Vasya	5 Пятёрочка Russian	Explored
wrld_3b8ae093-f1b7-44cd-a36a-f24d6a2de0ad	1	0	DEIVinci	60's Vinyl Bar	?
wrld_6a747546-1cee-4b60-b5ea-1c3d4d2ab501	1	0	Nerd Koopa	8-bit Cyberpunk Junction	Explored
wrld_5ef87c61-9554-4846-993e-ef7804850e32	1	0	Nerd Koopa	8-bit Vacation Bay	Explored
wrld_df007190-9106-4367-8356-dfb5c22265bc	1	0	8Bitw0nder	8Bit's Amphitheater	Explored
wrld_5cf45207-33af-4262-8a07-6413b2efa1de	1	0	Tigertwista	A Tiger's Refuge	Explored
wrld_953570c1-565f-464d-bf22-cfaea7a8b5f1	1	0	Reava_	A.venue Pub	Explored
wrld_fb27b756-fd6a-44ff-ae28-6c8642499aa4	1	0	DawidCSX	Absence	?
wrld_fb27b756-fd6a-44ff-ae28-6c8642499aa4	1	0	dawidcsx	Absence	Explored
wrld_9a19fc0d-322d-44ab-bd70-933a2a3d9079	1	0	Ak（あく）	Abstract:Coast	?
wrld_2638773e-483a-430c-a139-a80a463e489a	1	0	Lura_	Abstract:Echo	?
wrld_2638773e-483a-430c-a139-a80a463e489a	1	0	Lura_	Abstract:Echo	Explored
wrld_0e222123-bbd1-47c9-b77a-479c47305bc9	1	0	stink_bug	ACNH Bedroom	?
wrld_31a96742-b161-4f76-96c5-5105b64ff0f7	1	0	M E R C	ADRIFT	Explored
wrld_726a2222-aee7-4b59-bbe0-a6afb1df01da	1	0	WispyWoo	After Glow	?
wrld_49781ca4-f6fc-477e-a80f-b81b2ce5213c	1	0	Bombae	After-Hours Den	?
wrld_62bc3ff0-2e97-4257-8256-304636d3773e	1	0	Reava_	Afterdark Apartment	?
wrld_4a41c522-fc84-4cc0-aee4-ab2fddee73f1	1	0	NiAka	Amayadokari -あまやどかり-	?
wrld_bfbfef9d-3084-41b5-b68a-97b2667a04c8	1	0	Mankey	Amber Glade	?
wrld_bfbfef9d-3084-41b5-b68a-97b2667a04c8	1	0	Mankey	Amber Glade	Explored
wrld_b720189b-9904-4515-b3a3-7d933cc4149d	1	0	LapisVR	An'Tali The Hidden Sanctuary	?
wrld_c8dfebb3-179c-4494-b908-359799b416a6	1	0	12122015	Animal Crossing˸ Winter Town	Explored
wrld_93d5fc7f-1cc0-4ed1-b937-789295cfa40f	1	0	JustSaber	Anime Opening Quiz Vol. 1	?
wrld_424c75c2-533c-4922-be0d-cd13c6aa6d6f	1	0	Antiheat	Antiheat's Apartment	Explored
wrld_4e1d65a4-d22a-4b51-8798-a9ab814e5ed8	1	0	Antiheat	Antiheat's Apartment Mini	?
wrld_24c89b13-333a-43b2-96c4-a67914aaba91	1	0	Asahitо	Aoto Train	?
wrld_a49cadcd-9b8e-4a08-816a-f1bf5864947e	1	0	Dangleberry	AOVRC - Through Ancient Eyes Part 1	?
wrld_ff683eef-4088-4f30-9614-52214dbd953c	1	0	Mr FoxQC	ApoFoxBunker3	?
wrld_e50b2147-0574-4df0-9b3f-a6b7373df11d	1	0	zelfine	Aquaria	?
wrld_b5c47aab-a6ff-4240-8033-2995edb00eb6	1	0	Fins	Aquarius	Explored
wrld_93efcff4-1cb4-4f2c-96bb-5eafb5993275	1	0	Artsy Glitch	Archipelago | アーキペラゴー	?
wrld_93efcff4-1cb4-4f2c-96bb-5eafb5993275	1	0	Artsy Glitch	Archipelago ｜ アーキペラゴー	Explored
wrld_1e6e2cf8-e8b3-4460-a23e-a9f2a73fb884	1	0	Poshly	Ashley's Orbit 2.0	Explored
wrld_34693736-118a-4a1f-9b4d-95b866ed83a7	1	0	Vectriel	Astral Bounds	?
wrld_34693736-118a-4a1f-9b4d-95b866ed83a7	1	0	Vectriel	Astral Bounds	Explored
wrld_f049a1cd-4a8f-4d06-9858-70719beb538f	1	0	E3	Astro Magic Library	Explored
wrld_a0c42d28-101f-472a-a627-3a4488735e0c	1	0	Bekosan	Astroom	?
wrld_7644eab0-6408-42ab-8088-454c32c08768	1	0	Maebbie	Atoll of Ether	Explored
wrld_56e085ce-517f-4dba-8a97-31e9a443f843	1	0	VictoryVR	Autumn Vibes	?
wrld_128df398-d2ff-4d5a-b688-12c695b17547	1	0	MinaFrancesca	Bar CloverCherry	?
wrld_c4bc0333-38a7-482f-b8a6-56bae1e78e7b	1	0	LittleAO	BeatBox Beach Music Venue	?
wrld_aa87e165-f1ab-43c5-8526-b2653d09a5c5	1	0	FlowersRite花之祭P	Beijing Streets 西锣鼓巷	?
wrld_046e8a16-0fcb-4d1f-bbbc-5afb272446c6	1	0	びすこ（bisuketty）	Bisroom Xmas!	?
wrld_043fdf6b-7a67-4bd4-b8e1-5f1810a56a76	1	0	NebulaCreations	Black Lotus	?
wrld_5906f874-5bba-4f50-b1aa-4f376d1771f2	1	0	pixiv Inc․	BOOTH House	?
wrld_c7dfddd3-5dac-4b4a-aed0-2b9c641350fd	1	0	Howlcifer	Bracken Shrine	?
wrld_02df3096-7fbd-47da-9b08-e27ec20f5b6e	1	0	ᴅɪɢɪᴛᴀʟ	Bricked Up	?
wrld_9b87ff9f-0991-45e5-bbf8-d8b1f1d96cfb	1	0	bedroomtheft	BROOM AERO	?
wrld_a8d0a83f-3f7d-49cd-ba97-ba49b4ae45bf	1	0	remagyradnegeL	Brutality Bar	Explored
wrld_04a00bbb-da55-4a13-91e0-a30a3bfb2302	1	0	Beyond	Bus To Nowhere	Explored
wrld_0cac12b7-dec7-422f-9195-f9fa1a4202fe	1	0	鬼くらげ【きくらげ】	caferoom	?
wrld_72e83f95-1cea-41ce-9539-5842feee9d62	1	0	NebulaCreations	CALORE	?
wrld_01f40a98-fa36-4191-a6c1-181d5374c570	1	0	Apathy	Candle of Star	?
wrld_c53434cd-8b07-435a-b475-177dc1aba2de	1	0	sasa00	CandyHouse	?
wrld_7cba7018-7135-49c8-910e-af407f555f95	1	0	iTzNikkitty	Cardinal's Dream	?
wrld_7621967c-a160-41fe-874e-ee37f45a361b	1	0	akimin	Cave Nook	?
wrld_72b0aaff-8f7b-496f-b3d5-32d89a05b38b	1	0	Candy Cage	CC-Get to Know-Dice Game	?
wrld_30b3db7c-6318-4763-8757-af9a8b2cc741	1	0	zelfine	Celestia	?
wrld_2ad3f7c3-bb01-4825-ab1d-0b1aa18f11b5	1	0	Akiria27	Celestial Springs	?
wrld_95bb9e6b-81c7-486d-992a-9cea8a2d13d7	1	0	ケセドCHESED	CHESED's SPOOKY HALLOWEEN PARTY by CHESED-ケセドのハロウィンパーティー-	?
wrld_07db5890-fdb5-42c9-b533-948edce3cc53	1	0	ShirakoTakamoto	Christmas Eve V2.3	?
wrld_8fc263e1-ea18-4b58-aa57-3daa25cbd416	1	0	-Tiki-	Christmas Treehouse in the Clouds	?
wrld_923bf3d7-a8aa-40ae-bd2b-55f386ac5846	1	0	Nightᵛʳ	Cliffside Retreat	?
wrld_4439220b-1247-4f28-91dd-4dc811771a38	1	0	WispyWoo	Clouds	Explored
wrld_3b16edb7-103b-4752-b297-8c28beac1ca5	1	0	NinaV2	Club Italia HUB	Explored
wrld_e54f6579-ceb1-4805-a967-e869e586b8d2	1	0	cnlohr	CN's Ballpit and Lo-Fi	Explored
wrld_f8648c04-e976-49c3-baae-850f47bb36b8	1	0	BLG18	Cordial Home	?
wrld_c69dcd32-2d3c-4a3a-a565-64527380c203	1	0	NanoBunTV	Cozy 90's Style Bar	Unexplored
wrld_6ebfc3e2-3553-4cd3-9aca-1ee5e84f7811	1	0	Lealennia	Cozy Boat	Explored
wrld_440ce163-71c7-43af-8c5e-b68884ce6006	1	0	ShirakoTakamoto	Cozy Christmas	?
wrld_f8f50a3a-b396-4bc7-a0c3-934f8f9ef9ff	1	0	SkyeSage	Cozy Conference	?
wrld_8eb73213-dac7-4766-8d39-1e5645ec31fb	1	0	VishiSwaz	Cozy Winter Chalet	?
wrld_d6715b97-5a3b-49bf-86f7-f123124f0aaf	1	0	Bia_Kawaii_Br	Cozy Woods	?
wrld_87ead427-8a11-427c-b49c-c6077433668b	1	0	-Parpar-	crusader's twilight railway （BETA）	Explored
wrld_2369e4d0-6d74-4b5f-b5df-743bd8c41cef	1	0	「Cuddle」	Cuddle?	?
wrld_53939e6c-821e-4d45-b56b-5e305cfa8882	1	0	Artsy Glitch	CyberLove | A7 サイバーラブ	?
wrld_1aa605b7-26c2-4619-93dd-255674f933f6	1	0	Artsy Glitch	CyberLove Suites 2 サイバーラブホテル	Explored
wrld_f7a383bc-c925-4696-85c2-2996c0a40112	1	0	Fins	Deep Blue	Explored
wrld_1a4d52fa-99e6-48f9-979d-a4802f45b506	1	0	WispyWoo	Dérive Express	Explored
wrld_860bdea8-0499-4c16-8170-5683a3a3ab8a	1	0	Very Merri	Dream Waves	Explored
wrld_e5c27acf-b62a-45d9-83e3-f1e7d03a21b3	1	0	blanc（ぶらん）	Dreamin' Weaver	?
wrld_01ec3b3a-c2fc-4520-9f3d-d299d9ebc8b7	1	0	Lilly the cat	Dreamy Canyon	?
wrld_d95a2ae7-f052-494b-8169-a1b87026ed32	1	0	Glitchy	Drinky Tavern	Explored
wrld_b0d097a1-acaa-401d-a0ef-b6a8f72688be	1	0	Cornfather	Driving Home for Christmas	?
wrld_d9977e5a-241c-4f80-8b30-e5b6e8272f07	1	0	WispyWoo	eco-echo	?
wrld_84c48401-377a-4c8e-bc41-54ca8a8dd8e7	1	0	Eliteiment	Elite's Paradise Party	?
wrld_18d6bcd1-d23f-4c41-b2f8-1a9990b78fa5	1	0	_Asylum	Elven Castle	?
wrld_18d6bcd1-d23f-4c41-b2f8-1a9990b78fa5	1	0	Asylum_	Elven Castle	Explored
wrld_7637223c-191e-4c70-bd6b-5da36c57e687	1	0	-Rexrover-	End Of Line Club	?
wrld_330909c1-edca-4e1c-93c8-5bb9a352da38	1	0	DAGINATSUKO	Endless	?
wrld_ebc40dab-e142-41bc-bd64-1c82834b92b0	1	0	Fins	Ephemeris	?
wrld_29ae58e4-7ed7-4686-b600-d5403e6216e8	1	0	zSkull162	Evening's Bliss : Enhanced	?
wrld_1ac5fb7f-bd37-426f-9d19-5bfc6fb066a5	1	0	Maebbie	Eventide	Explored
wrld_8308117a-183d-45ca-8ed3-c0e2b374917d	1	0	pandagraphics	Exist	?
wrld_7281543e-6888-4676-896a-fdd090552fc4	1	0	Niko∗	Exoplanet Journey	Explored
wrld_573a4d2a-4c0b-4506-9dcf-96307d5a122e	1	0	FOBO-	Fall。AFK	?
wrld_b3a93fcd-acf5-46fc-8c29-d8166e840bbc	1	0	Maki Maki	Festive Field	?
wrld_37cfafb6-111b-4429-8b58-af8e4bb07e9d	1	0	n0p0x90	Finnish Summer Cottage	?
wrld_0fed7b01-ec2a-4704-bea1-bcad73e6e879	1	0	Lura_	Floating Airship	?
wrld_053da74d-92cb-40e8-a104-19f611d8b11d	1	0	Silyataru	Floating Delight	Explored
wrld_276a68f2-7332-47fd-8343-33d764deb13c	1	0	․˸Anna˸․	Floaty Fantasy Island	?
wrld_c6642598-792b-4862-930c-c0959d72e420	1	0	澤村さん	Flower Meadow Moments	?
wrld_351df354-2b6b-4728-b0ae-1ed6397fef7f	1	0	nemurigi	Flowery Sleep	?
wrld_c7481d3c-a2f8-4cdf-8507-8065d1d40c05	1	0	RKVC	Flutter!	?
wrld_8742dc6c-41ac-4504-8f91-3fd3785c807c	1	0	［JP］Rsea⁄るしぃ	Fool Pool	Explored
wrld_b93ff56d-1f4f-4763-8418-f8d6a2681b46	1	0	Apathy	Forever by your side	Explored
wrld_221aaa8e-0bb8-46d9-97f1-09c3370e9eb6	1	0	Ymmotehl	Fort Duvet	?
wrld_0e627ff5-5e84-41fc-8129-8af1173a96a2	1	0	TOTOM	Fragment:New World	?
wrld_3f8346b7-f131-4c6b-8221-74de878e3b9d	1	0	Kitsuya	Frutiger aero Video Players Light[WIP]	?
wrld_f5dd279b-72fa-4b4b-abb8-b46e4b0e1d78	1	0	Furality	Furality Aqua: The Oceans of Luma	Explored
wrld_8d7d7a84-5eea-4d85-a256-8d9cdb431ad6	1	0	Furality	Furry Casita	?
wrld_b549f624-5d20-4d4a-9d37-65fdfc9c5399	1	0	Synthos	Furry Haven	?
wrld_7416746a-9a5f-4d49-8135-2ff55388b09d	1	0	Dustuu	Furry Karaoke	Explored
wrld_84a3d778-88f6-4b6d-a975-62d0d9c09c64	1	0	Kemomimi_kko	FuyuGomoriRoom 冬ごもり部屋	?
wrld_3695f154-8ee2-498f-8028-d343326f4337	1	0	Penny Patton	GalHopper	?
wrld_1d845d11-b0a4-4d42-8db7-8ca4577ef21c	1	0	Silyataru	Garden Therapy	Explored
wrld_1a642b8e-f2d4-468a-bf29-0cbedc04b876	1	0	Juice...	Geopository	Explored
wrld_6b7c2a1f-c292-4876-a334-918756179a91	1	0	TheCatfish	Glacial Nights	?
wrld_6b7c2a1f-c292-4876-a334-918756179a91	1	0	TheCatfish	Glacial Nights	Explored
wrld_8d04e5fa-9d23-4389-925b-dfff206e5815	1	0	Nootau	Good Times v 1.2	?
wrld_8d04e5fa-9d23-4389-925b-dfff206e5815	1	0	Nootau	Good Times v 1.2	Explored
wrld_186d45c7-7256-49a3-b504-0e875a818cc1	1	0	nofoundfiles	grass.exe	?
wrld_ee48ed71-f5c8-4b44-a44d-c75c72d9052f	1	0	Katchy	Grove Grooves	?
wrld_6e898261-390c-4b50-9f2b-632f09d06ae0	1	0	AAYOISHO	Haadokkoi	Explored
wrld_c2d17549-7116-468d-ad7b-f3537342843d	1	0	Melting3D	Hachinosu Base Mars	?
wrld_65b8db18-4c32-4240-857d-4c3c97e38678	1	0	Reth Sogen	Hanami Heights 花見の街	?
wrld_f1e15ed4-1844-4b67-9636-497880a4dbf7	1	0	zelfine	Hanami Onsen	?
wrld_c08b6a9f-91eb-499f-9891-4c359a372fde	1	0	Sombie	Hangar 6 Bar and Lounge	Explored
wrld_dfbecb47-7f43-4dbd-8192-3bb007748c46	1	0	Dr.Kim	Happy Hill Dog Park	Explored
wrld_ec3fe6a2-68e9-4900-b7b0-fe48289acaaa	1	0	RenderAWOO	Happy Holidays	?
wrld_5ce10219-2a08-41ad-b52e-9d98c18617ea	1	0	shinapo	HARBOR shina-shina (Udon)	?
wrld_71eca28e-ee80-400c-9b53-dddc55c93124	1	0	~Sam	Hearthwood	?
wrld_23cb275f-bc8e-4f62-998a-b16053b1cdf6	1	0	spookyghostboo	Hidden Heights	Explored
wrld_6f7d5ac2-ceb7-4906-b222-63298f5e6038	1	0	BrickBalloon	Hillside Yurt Haven | Balloon Resorts	?
wrld_eca5833c-08ea-41cc-aacb-7d7607971f59	1	0	Sayo Hiraoka	Hiraoka Campsite ( Yuru Camp )	?
wrld_6aeb3fe2-8026-4d4f-b755-4730bcb4f823	1	0	TytusRK9	Hoenn Heights	?
wrld_6c8a0904-4913-49f2-88ed-db9aab7effe8	1	0	DAGINATSUKO	Holiday - Night	?
wrld_a4156a0c-0083-4387-aca1-d91c726015f8	1	0	Photasma	Home Depot of Gensokyo	?
wrld_60f27ea7-a9f0-4aca-aecd-9aba18c86ed9	1	0	fr1ed	Home of the Time 時のお家	?
wrld_81832ab6-7496-4c2a-874c-f2d6141cdfed	1	0	Shiaru	HOTEL LUX	?
wrld_505738e4-c1fb-4ecc-b49a-b7865e884bb1	1	0	Lucifer MStar	Hotel MorningStar	Explored
wrld_c215101b-8f13-408c-8bc6-1687cf87762f	1	0	Bepsi Train	Hwabon Night（화본역）	Explored
wrld_f1190bcb-02da-442a-a805-c7834e534c05	1	0	Ｈｙｄｅ	Hyde's Treehouse	?
wrld_c16e4dee-d149-4116-adbc-16bc30b664b0	1	0	Maki Maki	Idle Home	?
wrld_3bee67c6-e83a-452b-a7f7-ed28bf790e03	1	0	泡麵 mea	ineMuri -居眠り-	?
wrld_1c1a1274-c5a5-4e2b-8f70-a7b9ac43033c	1	0	ᵖᵒᵏᵘ	Interlink...	?
wrld_f6c54da0-7c7b-4848-bdf3-880d13b2ba05	1	0	WetCat~	Iris Garden	Explored
wrld_d83c5db4-91c3-402d-8e4d-7969aa1622f8	1	0	Shopow	Isolated Night	?
wrld_fa29bf75-5bb5-4ee9-8068-3d04d41cda6e	1	0	Fins	Istoria	?
wrld_04d30697-117c-4108-af7e-a1ccc88d6bcd	1	0	CapRioSan	Ivys	?
wrld_261ae4f9-c7ac-42a5-b182-9faa1ad4e824	1	0	ʚ Yuzu｜ユズ ɞ	Japan Apartment	?
wrld_d1702905-742f-4666-9427-fb0b08237385	1	0	darksister	Japan MoonLight Dreams	Explored
wrld_b2d24c29-1ded-4990-a90d-dd6dcc440300	1	0	RootGentle	Japan Shrine[summer]	?
wrld_2fae267e-fd14-4f35-91ac-a625db0c194d	1	0	Theslythief	Jellyworld	Explored
wrld_8734b1a2-c6cc-49a9-a90a-ab5ad41eff3d	1	0	Reava_	Jingle Bells Jam	?
wrld_c489f708-2a75-4dc9-9baa-6c43d0750c88	1	0	Skuld	Joken's Oasis Haven	?
wrld_0c7205a6-23a0-43a6-b2c8-fb6b669700b9	1	0	MetaCreatorsTYO	Kagaribi Onsen [Cave]	?
wrld_0c7205a6-23a0-43a6-b2c8-fb6b669700b9	1	0	MetaCreatorsTYO	Kagaribi Onsen ［Cave］	Explored
wrld_c9ec0f76-2745-4ea2-8a0e-83691361f6cf	1	0	セリアseria	KASTEHELMI	?
wrld_f2a141e2-c7a7-462d-b2ba-321d21b0d261	1	0	smead	Kazahana Peak 雪の嵐	Explored
wrld_54b68731-9a81-4938-99c2-94bb3b79062f	1	0	クロイヌヨウヘイ	Kiwi【ホームワールド・キーウィ】	?
wrld_e3800a59-bc4a-4fbc-a993-8df3d9f169e7	1	0	kiyo키요	Kiyo House drink bar	?
wrld_a33b6758-d338-423a-a4a3-5838ed781a1e	1	0	-Shirogitsune-	Know your friends in nature	?
wrld_119159e4-4cd6-42f9-8bc8-17edc83b82d0	1	0	knoxstation	Knoxie's Room...	?
wrld_cd34d0e9-9b9a-4cdb-b396-5dacd82439c6	1	0	Ysmir-m	Kochō No Bar	Explored
wrld_26fe8b7e-0a3c-4126-a027-b763fd56c404	1	0	MOFUx2Wing	Kotatsmuri-こたつむり-	?
wrld_47991d2e-42ef-4690-84fd-9100a5457c88	1	0	縛（ふぅ_FU）	KOWLOON SHISHA NIGHT [九龍水煙之夜]	?
wrld_3e93c5c0-5cf4-4a82-a51b-a60d9b4f33bc	1	0	Averiff	L'oro Di Illyria	Explored
wrld_f56876fa-a04c-44cd-94ef-00919e4dd822	1	0	De Pelos	La Mer	?
wrld_a78178a1-7606-4f8d-8ebb-f335f090d6c1	1	0	BurningSpaceMan	Lakeside Treehouse	Explored
wrld_da1c2112-a93a-47af-8199-adbfa3379f0f	1	0	西成武蔵	Laurentech	?
wrld_f9daf3cc-3ff3-4f15-8501-7c641928a8f6	1	0	DekaWolf	Lazy Lizard Water Park	?
wrld_cb7cc24e-cbed-4f9f-aca2-342253bec812	1	0	Mochie	Lazy Sunday	?
wrld_6f266ded-5890-4755-b8a2-982270b3c599	1	0	Tajasuka	Lazy Susan: Metro 7 Daytime	?
wrld_6f266ded-5890-4755-b8a2-982270b3c599	1	0	Tajasuka	Lazy Susan˸ Metro 7 Daytime	Explored
wrld_b1ac4995-543f-4736-883b-543877778c5d	1	0	Tajasuka	Lazy Susan˸ Metropolis 7	Unexplored
wrld_19e6dd24-8e6a-4c0a-85ce-396816087537	1	0	ziston	Let's Make a Snowman!	?
wrld_dad9656a-c593-43c8-a399-6d8c21d4fba3	1	0	WispyWoo	Levée au Soleil	?
wrld_fe04c7df-56a8-4772-8841-4fcc5349e83b	1	0	RED_SIM	Lone Island	?
wrld_fe04c7df-56a8-4772-8841-4fcc5349e83b	1	0	RED_SIM	Lone Island	?
wrld_9753bafc-1320-4a9c-8d87-69d7263d6410	1	0	YSK-HOLOFERNES	Lua_in_Wonderland All in the Golden Afternoon	?
wrld_ae983a6a-3ce5-4266-a670-c768d301ab7a	1	0	_Froggi	Lumina	?
wrld_fb4edc80-6c48-43f2-9bd1-2fa9f1345621	1	0	Thorinair	Luminescent Ledge	Explored
wrld_cd4a45e2-3fe8-41e6-aa2c-10648dffa5dd	1	0	rakurai5	Luna Ascension	?
wrld_08224159-9d4e-4fe8-991f-4904d17d9969	1	0	Bepsi Train	Lunar Capital	Explored
wrld_e34431c3-cfb3-40b4-a084-4d58c39874e9	1	0	yagiri	Lunar Plants	Explored
wrld_89fe75cc-7bce-4043-9b35-b395f7e754fd	1	0	Maru~	M~Home	?
wrld_b1fe5bee-7fe9-4f64-a112-371202b43f7b	1	0	vonLaibach	Magic Forest	?
wrld_b1fe5bee-7fe9-4f64-a112-371202b43f7b	1	0	vonLaibach	Magic Forest	Explored
wrld_4c312660-3c24-4ab2-a6ce-833563f94cc4	1	0	あまおと	Maison Amaoto	?
wrld_62b3a737-1a02-4cd7-9dd0-b421da7d2da6	1	0	NishaWolfe	Majora's Mask VRChat [v0.3.3a]	?
wrld_d29c4512-ad9c-4c39-9ca6-b6081e3af99d	1	0	~Maru~	Maru's Arcade	?
wrld_d29c4512-ad9c-4c39-9ca6-b6081e3af99d	1	0	~Maru~	Maru's Mini Arcade	Explored
wrld_1bd31aa7-15be-4d2f-9fd6-743c92a67ccb	1	0	POINTLΕSS	MC Mountain Hangout	?
wrld_1bd31aa7-15be-4d2f-9fd6-743c92a67ccb	1	0	POINTLESS	MC Mountain Hangout	Explored
wrld_d29bb0d0-d268-42dc-8365-926f9d485505	1	0	ImLeXz	Midnight Rooftop	Explored
wrld_0e011dae-1b3d-46cd-88fe-5a20d51b5f47	1	0	Nanika?	Minecraft and Chill	Explored
wrld_cf10849f-4cb4-4a72-9083-c343be8765b2	1	0	Ghøšt Bûnñy	Minecraft Cherry Blossom Island	?
wrld_cb9864b0-6842-490b-9db6-05b5fa00a718	1	0	寒璘不是林	Minecraft1.20	?
wrld_03ca2cf0-d7cb-46b7-b725-fdac5d8e1ced	1	0	EstyOctober	Mirrored Flowers - 鏡に咲く花	Explored
wrld_0443ce24-24e8-40bb-bfbd-e2d6285326e1	1	0	phsse	Missing Mail and Lost Packages	?
wrld_f101cf79-4b28-4f13-8498-af4988c7d712	1	0	Lycon	Misty Forest	?
wrld_19cabd7a-4cd8-4d28-8b20-ea8de9854dbb	1	0	apple_blossom	moon_pool	?
wrld_fca03bb0-4d82-4513-934f-df0dcaf0b3e9	1	0	Mythrilight	Moonlit Sea	?
wrld_3084cc02-c485-4428-aafd-44a57b235219	1	0	Temporal	Moonlit Tavern	Explored
wrld_505f4d19-00a5-448c-9440-913c86ec9761	1	0	WispyWoo	MoonLit Wanderings	?
wrld_30b97128-3d2f-4b2e-8db0-3b472c61ed05	1	0	Okabintaro	Moroccan Riad	Unexplored
wrld_3a9c7543-24aa-41ed-8607-54392c239042	1	0	Okabintaro	Moroccan Riad (night)	Unexplored
wrld_c8edea47-c839-417c-aafb-f83b02644cb7	1	0	MrDummy_NL	MrDummy_NL's Party Club v4	Explored
wrld_3cfce79a-ba30-4346-b4dc-2ba288c7c820	1	0	Kireya	Mushroom Loft	?
wrld_9c872cfa-fbe6-44d0-b2e5-ac62ec68cecc	1	0	Orenji․exe	Mysterious Bunny Forest	?
wrld_a0857e29-bf59-4438-a8b9-02aed172c86b	1	0	Lanfear	Neo Neko Beach	?
wrld_f6e195f8-8822-4e77-adff-6c0c3e875099	1	0	Yunon	Nest	?
wrld_01a4b96d-f043-48ce-a006-55ab57b837eb	1	0	Daftpunkgirl2	New Winds Roleplay Tavern Xmas edition	?
wrld_ab1302c6-9e4a-4945-aaf5-0fb2fc102bbb	1	0	Wolfy_527	Night Time Memories	Explored
wrld_a5393da3-ea6b-4b18-98d4-82cae5567457	1	0	ღMoraღ	NightRealm: Meditation Tree	?
wrld_87c262e8-82b4-4da0-a29b-daf3d501d7ce	1	0	AltCentauri	Nocturnal Loft v1.2.3	?
wrld_b25aef03-b5de-402e-8c19-01b85c34bfcc	1	0	Arkîe	Nordic Lakehouse Home	Explored
wrld_2902b80d-f4ba-48b8-b325-27227bff7500	1	0	Sombie	Oceans Away	Explored
wrld_9f26a92f-24a2-4809-b671-b363e56065c2	1	0	Sombie	Oceans Away (Night)	Explored
wrld_b5363199-c748-4836-b669-02cbc48be0b6	1	0	offset04	offsets spot in the clouds	?
wrld_7f59eba6-a013-46af-ae06-ca4151efa75e	1	0	Rio Grande	Oia Lookout	Explored
wrld_221e16e2-1710-4970-a9a8-8ddf18c6868d	1	0	Takato Matsuki	Old Ruins - Sword Art Online	?
wrld_9ef194fc-a11e-4b9a-a0e8-3d7d6268d6a2	1	0	Uploader	Olympia (v3.2)	Explored
wrld_a4ef4165-681c-4f3b-a293-839aebcbc434	1	0	Uploader	Olympia Nights (v1.0)	Explored
wrld_df1b9368-272f-420b-839c-cc5757fec87e	1	0	もちぺろ	Omochiya Summer Island	?
wrld_fc89338d-13a0-4010-a1bb-e0c9383ff2fa	1	0	ONN'ON STUDIOS	Onnon_Nostalgia1999	?
wrld_fc89338d-13a0-4010-a1bb-e0c9383ff2fa	1	0	ONN'ON STUDIOS	Onnon_Nostalgia1999	Explored
wrld_eca2ddde-f794-4c59-ae3a-4dd5881eb18b	1	0	Axinovium	Opal Bay	?
wrld_1135aec3-712c-43a2-8cf6-d6fee6c3cb78	1	0	MyroP	Outrun Lounge	?
wrld_08bf2fca-16f5-445a-af92-d7cc59a93b1b	1	0	WispyWoo	P L A N T	Explored
wrld_ec526c54-2cd5-4624-9eaf-8f62d5848697	1	0	Skrooz	Palace - Median	Explored
wrld_11bda190-87d5-4042-af10-b2e39c560a2e	1	0	theycallhimcake	Palm Plaza Mall - palmplaza.exe	Explored
wrld_d53bc575-ad36-4157-92bb-8a4a217e7845	1	0	yorimiya57	Particle LiVE 《WAVE》	?
wrld_ab26801c-19ef-40e1-8bb3-1730cf425513	1	0	OhGeezCmon	Party Tub	Explored
wrld_7f3a6077-0183-4097-a837-f59e3f9d4a16	1	0	puri_san	Pepiement	?
wrld_7f3a6077-0183-4097-a837-f59e3f9d4a16	1	0	puri_san	Pepiement	Explored
wrld_5fc92af4-778e-48d8-8ef3-de9ee35a75f4	1	0	TytusRK9	Personalized Peach's Castle [HALLOWEEN]	?
wrld_26755811-9ad8-425c-881f-9fa1c06b77f4	1	0	★-Nine-★	Phases	?
wrld_b4da1b48-ce34-4fbf-8cc0-30cb034affc9	1	0	WispyWoo	PICO Dodge!	?
wrld_5506c96f-99b2-462a-98b9-ab7586d7f9fa	1	0	beverlyyyyy	Pinkie Promise	?
wrld_6fdcef2c-0784-4c27-9fc3-7d0ed139cfd2	1	0	♛ⓅⒾⓅ （Reptile）	PIP'S DIVE BAR	?
wrld_e9b7ab9e-2d1f-4e43-ac55-3b45ad44b3f5	1	0	WispyWoo	Pixelwave	?
wrld_2d5e4578-3cbe-4adc-8383-fac2f0003137	1	0	Praxeos	Place de VR	?
wrld_2d5e4578-3cbe-4adc-8383-fac2f0003137	1	0	Praxeos	Place de VR	Explored
wrld_fe890f89-1d56-403b-ab47-08957374a74f	1	0	zSkull162	Placid Plastic Duck World	?
wrld_1ef6553e-8ddf-49da-8969-2b3c75a325b1	1	0	Silyataru	Pocket Rain	?
wrld_e8928127-b5a6-41d5-b195-11568a76d136	1	0	Cammi_	Pokemon Forest	Explored
wrld_ddccffba-94dd-4c03-ab0d-01b07c12b77f	1	0	づー⁄Muni	Polar Night	?
wrld_ee8b1b4c-5e57-4394-a864-a02b370c8676	1	0	Enverex	Polyworld	Explored
wrld_6c57c7b9-a8cd-4215-a17c-fe1acbccc2df	1	0	ᴰᴬᴺᵀᴱ	PondOfDreams	?
wrld_bc12bf5c-f09b-4861-ae97-7ddcb2bed40c	1	0	miyako_jp	Pool Side.	?
wrld_cd134766-3f18-43b5-9fec-cf26f9d28d39	1	0	doodledrop	Pools of Lucidity	?
wrld_56022783-73a8-4989-8690-041bf6b7076d	1	0	Eru_Osaki	Post to Past v2	?
wrld_f0cecb84-d135-4504-a4eb-55d517ac6bcf	1	0	Apathy	Promise	?
wrld_8ab38013-e479-4300-a958-b2136a6b3d25	1	0	~Zoid~	Purity	?
wrld_605e3396-8f39-4cd9-b8d5-9c7c974178e9	1	0	Senna60	Quantum Lagoon	?
wrld_605e3396-8f39-4cd9-b8d5-9c7c974178e9	1	0	Senna60	Quantum Lagoon	?
wrld_d6266982-45a0-4fac-ba06-f79091a35d14	1	0	windfenix	Quietude Village	?
wrld_0340e2e5-e83e-49af-b7e8-942ebe45c7fb	1	0	MAOO	RadDolls Pier Café	?
wrld_9d871b10-0883-4bc7-aac1-2f365c0a8983	1	0	Electric Skwee	Rainbow Jelly Cave	?
wrld_a729bf90-1220-423a-9630-7e60851e7475	1	0	Very Merri	Rainy Daze	?
wrld_ebb6c297-c5d8-4cc2-9e5b-307c3390ca85	1	0	SatoImozou	Rainy Room	?
wrld_0d9baefb-4988-488b-8ba4-c85314be32f4	1	0	same0609	Re:OCEAN VIEW	?
wrld_6d308a14-ed98-4363-9ff8-d29217b0c2a4	1	0	ココマニュビー『NewBe』	RE:Venice Street	Explored
wrld_87e25134-5d94-4439-94ac-44aa25771128	1	0	enfutu	Readroom-りどるーむ-	?
wrld_42b0dd34-9548-476b-b0bb-0eb24ee06db3	1	0	xpmmm	Relix	?
wrld_aa1e2ca7-d3f0-41bd-aabf-e92494df281b	1	0	Cosine	Replunt's Lab	?
wrld_a39563c5-221a-4bf7-9c16-09f0d51da854	1	0	M3LL4	Resort in Bali	?
wrld_316c171b-cb73-4646-a981-a1963c097cd6	1	0	ZΣПП_つるぎ	Rest & Space	?
wrld_a8f9e5ec-6ee4-4f3b-a943-f11e3ee4acd1	1	0	MinaFrancesca	Restaurant Francesca - Spring	Explored
wrld_ac85faee-3c25-492b-a36e-b9f428167ec4	1	0	MinaFrancesca	Restaurant Francesca - Summer	Explored
wrld_f843a59c-89f9-4955-adeb-19c42581e6bf	1	0	KaneHusky	Retro Office	Explored
wrld_81ecf7af-bd36-4985-a59a-217bc43c1de3	1	0	KaneHusky	Retro Office - Night Shift	Unexplored
wrld_d82757bc-c802-4d70-a34c-ce4b32fd2351	1	0	Reava_	Retrowave Cove	Explored
wrld_6ee371ee-53d3-4725-8e4f-bdcc14819038	1	0	walavanger	Riverside Bungalow	Explored
wrld_9c703738-b963-4558-a23c-182f538a7e50	1	0	Kevin the fox	RØDREVEN _ Scandinavian Island Home	Explored
wrld_d470a3c6-d392-4a69-88f1-1488a437e3c2	1	0	うまへる	ROOM 2-Sakura	?
wrld_d32b3b28-5fd7-413f-a5bd-26bcd5334962	1	0	惜 烏有	ROOM-3	?
wrld_56b7c680-1614-4459-afbc-8fa573bd49a0	1	0	Nekoro	ROSERED [ Indoor Pool ]	?
wrld_557dd6ea-92a9-4a25-b318-cf1416fa81fe	1	0	Anomi	Royalty Free Hangout and Chill	?
wrld_41e31c1d-5e7f-49bf-ab91-1d990d896d68	1	0	ぱんだ（graph）	Sad Night	?
wrld_511d8efe-b233-4ffa-af92-846370aa0f47	1	0	Shiro K	Sailing	Explored
wrld_8dd418ec-8258-4d6b-afc5-c83c938b74c1	1	0	Koba Poko	SANATORIUM	?
wrld_84c873e0-8c8f-45be-b5db-6374541e1014	1	0	Alpha․Monster	Sanctuary Alpha	?
wrld_e1560ecf-27db-4740-94d3-e1ee640d238d	1	0	Jesswizzle	Sea Breeze Hideout	?
wrld_c6b21a56-dba6-4185-96ba-11787418ac4f	1	0	Cuddle Tsuna	Secret Spring	?
wrld_b6232e55-edb5-4f5e-935c-30b1020af758	1	0	Cap․	SecretBeach Night	?
wrld_2b607897-9c0e-4356-962f-6ba33f59a413	1	0	Synt	Self Reflection	?
wrld_f6759aa2-20d8-4ef5-8b96-c8498f1142c6	1	0	Kireya	Sensory Loft	?
wrld_77f63ac2-2dcf-49e2-8c7e-9cd1e5011d74	1	0	Zappaku	Serenity Cove	Explored
wrld_0729c818-2397-4d80-84e2-dbd43844361e	1	0	TeddieP4	Serenity Sleepover	Explored
wrld_f8cc996e-bc86-43dc-99fd-89bf2cfbf327	1	0	pema99	Shader Clay Sculpting	?
wrld_5e2de230-b0c8-4cff-89a4-fcbc7268e636	1	0	睡眠小羊	Sheep room	?
wrld_6364fa61-1ba6-4333-b8a3-566ca813d12d	1	0	VVolfy	Shoegaze Apartment	Explored
wrld_3e471f40-032a-42e1-9047-974d59c8dc32	1	0	VVolfly	Shoegaze Night	?
wrld_3e471f40-032a-42e1-9047-974d59c8dc32	1	0	VVolfy	Shoegaze Night	Explored
wrld_433bcdf1-6556-4580-b268-079b7dd12306	1	0	༒EpicM147_NoVa༒	Simple Cardboard Home	?
wrld_9b85f005-39af-445f-9e7f-a502dc359452	1	0	dotStart	simply: lømp	?
wrld_56ddbd63-59db-47e8-b18a-55fa9ec542c6	1	0	Sketchu	Sketchu Silver Forest	?
wrld_7cb5ff54-8d57-4cef-a9e3-0a51fda1a39a	1	0	TAGOb6c	SkipFloor	?
wrld_2cd03578-5c33-4a8b-8532-bbfee5f1093c	1	0	Chitose（ちとせ）	Sleeping Woods	?
wrld_2cd03578-5c33-4a8b-8532-bbfee5f1093c	1	0	Chitose（ちとせ）	Sleeping Woods	Explored
wrld_42287232-c9fc-4e43-83db-a165f092e9e6	1	0	flurrux	Snell's Pool	?
wrld_ad18caf7-46e9-471e-b119-aa42c4cf4303	1	0	~Camille	Soft Sea	Explored
wrld_827a38d3-9a81-49ee-9ac4-9bb6c50716d0	1	0	~Camille	Soft Sea of Stars	Explored
wrld_5eb5929a-c878-4372-b2f8-8198b96400a0	1	0	~Sam	Soft Space	Explored
wrld_9f91b177-4956-41b3-b178-f03f36dcd5e6	1	0	Ethosaur	Sol Station	Explored
wrld_87701b58-ee11-4ac1-80a6-6663ea1ca9c8	1	0	Artsy Glitch	Solar Cabins ˸˸˸ ソーラーキャビン	Explored
wrld_de94b78b-2156-4fec-a5a2-2daf930213e9	1	0	techanon	SolarWave Rooftop	?
wrld_8a7f54df-df04-4779-b6a2-97c270157162	1	0	Sombie	Sombie's Hangout	?
wrld_1b482eca-bede-4de8-88a8-bbb6ca7e24cd	1	0	sovren	Sovren's Chill home	Explored
wrld_6fed9fd2-33fd-4943-9a98-102e03f67c05	1	0	sovren	Sovren's Cosy Club	Explored
wrld_6fed9fd2-33fd-4943-9a98-102e03f67c05	1	0	sovren	Sovren's cozy club	?
wrld_0a6542e0-2bab-435a-9d53-f8f1f5aa4b4d	1	0	Timjfjdd	Spaceship Hangout	Explored
wrld_eb058e89-2453-47b8-a713-e0d7da834f9e	1	0	sarasa0218	SRS CAFE ～雨～	?
wrld_eb058e89-2453-47b8-a713-e0d7da834f9e	1	0	sarasa0218	SRS CAFE ～雨～	Explored
wrld_9a4b710b-44bd-4661-b23f-edd87b284589	1	0	mugi1	Stand by me	Explored
wrld_08955ad2-3157-4753-9a42-e54fc7b9ef2e	1	0	こねこのるぅ_VT	STAR t HOME [CozyHOME(Quest)][LUWORLD]	?
wrld_36db5254-5eeb-458f-bacb-c453accd1b0c	1	0	doctormiawoo	Stardust Island	?
wrld_0c3caeaa-7224-4800-aa64-bc473ccb18a2	1	0	tp.jp	Starlight lane	Explored
wrld_18930fde-634f-463d-a9df-4e61a35f4228	1	0	민소담_	Starlit Canopy	?
wrld_0c2cbf7d-bfd9-4dc7-9ba7-97e4fd0a9489	1	0	spookyghostboo	Suburban Lakehouse	Explored
wrld_e9a31011-8401-4b72-af0f-0d7595328c0c	1	0	Lucifer MStar	Summer Solitude	?
wrld_c54add9f-29b2-4b60-b051-e4999966ebc8	1	0	WispyWoo	SunDown	?
wrld_5bcfc5a8-c3cc-4ebf-8113-d26d98dc5060	1	0	縛（ふぅ_FU）	Sunny Side	?
wrld_9025a393-51b9-464a-899d-f687fa5c0f7f	1	0	Asylum_	Sunshine Cove	Explored
wrld_033b9f75-49be-4213-9218-a540dd2be60a	1	0	Juno Tanuki	Tanuki Tunesǃ - タヌキトゥーンズ	Explored
wrld_f8fb7704-70f6-412b-bc6c-b9cf725a483b	1	0	Kosyne	Tavern at the End of the World	Explored
wrld_f612c90d-1a12-4355-8683-215c3a34c8ed	1	0	Thad Gyther	Thad Magic Mirrors - マジカル鏡	?
wrld_3d892cf2-cd4a-4322-9e7e-2ec0cd7ea44c	1	0	CoffeeBanditVRC	The Afterdark Plaza	Explored
wrld_52426268-ea6e-4b87-96cc-b002c07389cc	1	0	zSkull162	The Autumn Landscape	?
wrld_1b1bbb20-53d7-4004-a411-5c7673cb9296	1	0	Lilosa	The Autumn Lodge ( Halloween édition )	?
wrld_e8394fd9-c921-4858-be0a-b56d085acc9f	1	0	夏雪 ｜Nᴀʏᴜᴋɪ-ᴇ	The Bridge	Explored
wrld_1608a761-8ffd-4327-95b9-6800921f7af4	1	0	Kristinee28	THE CABIN LIFE	?
wrld_1608a761-8ffd-4327-95b9-6800921f7af4	1	0	Kristinee28	THE CABIN LIFE	Explored
wrld_89217640-a36d-4e76-abd1-c42a0ed785eb	1	0	SyncOtter	The Clam Club	Explored
wrld_f99bff0f-8b81-4791-becc-910b9ffed996	1	0	SyncOtter	The Clam Club - Nights	Explored
wrld_2e37b570-7f57-46d5-9ef5-e33d1326c70b	1	0	TOADSTORM	The Conservatory	Explored
wrld_67ebe1a4-e7be-4bca-a1f0-7b85141f756c	1	0	WispyWoo	The Deep Dusk	?
wrld_d60cc5f4-7399-4d38-aa2c-b54f2d33ab51	1	0	Photasma	The Dimensional Dream	?
wrld_d4464cba-9e52-42d1-898b-4c36656b56aa	1	0	Shemskis	The Hellhound Lounge	?
wrld_fb336773-08fd-4766-a591-4c5c1542d28a	1	0	~Ashy	The Inner City Escape	?
wrld_2758a224-16c9-41cc-9056-30125bc0734c	1	0	PseudoFossil	The Jungle	?
wrld_99e1c98b-4b46-40d9-998d-cb0be3f62a39	1	0	Rio Grande	The Majesty	Explored
wrld_ad903340-41c5-44a1-bf37-9bfad5c91a76	1	0	[Jmelt] Kurisu	The Midnight Bar	Explored
wrld_7fcd2016-bd75-4180-ae21-c4cd214ae1f1	1	0	LittleAO	The Rainy Bakery	?
wrld_0442aea7-9cf3-48ca-a9d9-bb5dfd479122	1	0	ᴅɪɢɪᴛᴀʟ	The Rat King	?
wrld_c013701f-6202-43a8-81b4-fd4fc8f8a2cd	1	0	WispyWoo	The Reservoir	Explored
wrld_169cff71-b9d1-4501-9a56-5fd967d5da17	1	0	Elsie	The Scarlet Devil Ballroom - Halloween	?
wrld_4e81f61f-c501-4757-9ba2-0eb2a696d25f	1	0	Anomi	The Silent Place of Winter	?
wrld_3e82be8d-2692-4309-ad97-4b94708d181f	1	0	Arkîe	The Sky is on Fire	Explored
wrld_006f38f9-73b4-412a-9836-9cfd50cef0ff	1	0	Parksua138	The Weather you know	?
wrld_f6ab227b-e000-452a-b058-17841ceea276	1	0	Lucifer MStar	Tiki Beach	?
wrld_c4041d96-8f79-4297-9531-6e4431a94212	1	0	Arfox	Tiny Life Room	?
wrld_8860edd6-55b6-4c1e-ae03-51825ed9b69c	1	0	Livb	Tiny optimized island	?
wrld_30c03c0d-1985-420b-9a73-766748426b2a	1	0	kittoki	Toki's Villa	Explored
wrld_fb11b468-615f-43e6-93a6-d745951b4826	1	0	Mage【jp】	Touhou Hideout	?
wrld_a6ab82fd-42e0-447e-9494-ea1248a9f983	1	0	Bepsi Train	Touhou Station.2025	?
wrld_9b0129ef-819c-44eb-86e6-01014c759ff3	1	0	Nimbkoll	Tranquil Penthouse	?
wrld_cb9eab20-5467-4ed2-a23e-ed0cc6aceed9	1	0	Rum Ham	Tranquil Waters Retreat	?
wrld_80925927-1902-4cdc-954e-7b9e50b69995	1	0	ᴅɪɢɪᴛᴀʟ	Transparency	?
wrld_f4d8cbdf-83a6-4715-ac10-834d87395dd8	1	0	-Tiki-	Tree House In The Clouds	?
wrld_73e1874c-8272-4a69-8087-08e35ddedc94	1	0	Nexustree3000	Twin Seeds (NiGHTS Into Dreams)	?
wrld_cacfe6b1-b2c1-40d0-8566-8edd4d96e9fd	1	0	Sarah Duck	Udon Bird Sanctuary	Explored
wrld_7e5fa28f-414e-4a63-a8c6-d55354d9af38	1	0	-Alejandro	Umbral	?
wrld_3c3ce33e-0b66-4bb6-a5a2-64d1fc37b875	1	0	zelfine	Urban Refuge	?
wrld_11d388e1-6542-46e5-b718-465dff438746	1	0	ELECTR0	Veggie's Coffee	Explored
wrld_5c28ebc0-a6d5-4cb9-ada2-fe8c21dac483	1	0	_Asylum	VINYL VOYAGER	?
wrld_a224d012-a47b-4c96-b408-5333d39a090a	1	0	縛（ふぅ_FU）	VIRTUAL COWORKING SPACE ＂co-bow＂	?
wrld_a113ee31-a31d-495c-9839-dbce4ef0b796	1	0	Bloomin'	Voxel Night	?
wrld_a113ee31-a31d-495c-9839-dbce4ef0b796	1	0	BloomingTails	Voxel Night	Explored
wrld_54c4304c-da96-49b6-9c78-9307e9ac0ca3	1	0	Alpha․Monster	Voyage Alpha	?
wrld_ec241c6c-0567-4129-a1ad-519b8d4a491b	1	0	averok	VR Catalans	Explored
wrld_8d1574c8-ac6c-49ba-ae8a-27d658ac3aac	1	0	vrchat	VRC NYE 2023	?
wrld_92265ffd-3603-4592-ba62-01a1b5aafe08	1	0	Duvee	W h e a t	?
wrld_70c17c6f-7493-4d40-bc77-e717d28f946b	1	0	»Saturn«	Warehouse 64	?
wrld_f16f4207-7b84-4fb5-a65d-36f024a3300c	1	0	かわうそ ⁄ kawauso	Warm Snow	?
wrld_f16f4207-7b84-4fb5-a65d-36f024a3300c	1	0	かわうそ ⁄ kawauso	Warm Snow	Explored
wrld_9a55060d-8393-4de2-b202-199779f85ccd	1	0	Sumeru	Warm. Obscured	Explored
wrld_5d719f20-1b2a-4c2e-9315-f060772c0f4a	1	0	Mugiwara-boi	Water park: Dam Sen	Explored
wrld_6487a72c-a54d-4e99-9c3c-e773950c23b1	1	0	Alpha․Monster	Werehouse Alpha	?
wrld_48f65988-26c9-43dd-ba35-8da4c55cb197	1	0	QuantumShift287	When You're Going To Build A New Base In Minecraft But You Fall In A Hole And Then You're Like 'Whatever' So You Build A Base In The Hole But Then You Start Wondering If It Was A Hole To Begin With	Explored
wrld_4be36a17-c43e-4e7a-bec3-ed35c414363a	1	0	Artsy Glitch	Wild Flower | 野の花	?
wrld_f8474f94-684c-47be-84fd-a7ce90a1b5ce	1	0	Lucifer MStar	Winter Company	Explored
wrld_8e29246a-5534-412c-92d0-f6fecd935184	1	0	Im Beemo	Winters Solstice	?
wrld_7752616a-1d6f-4aeb-9e72-ae486f4520d3	1	0	Camille	Y2K Dreamhouse	?
wrld_78dfa421-42ff-4af4-9b38-a889f50f1563	1	0	forestcreature	Y2K Playground	Explored
wrld_63a65390-eeac-4df0-a30a-db332fc44ff2	1	0	Yaili	Yai's Lands	Explored
wrld_fdcd43ae-1333-43cf-8d0e-5c923ac00562	1	0	猫屋敷やよい	Yayoi sakura Incline	Explored
wrld_88e3c772-894f-418d-b9e5-96059af3d631	1	0	猫屋敷やよい	Yayoi Summer Nights	Explored
wrld_9295dffe-e4a8-484c-b57b-fae3353002a7	1	0	猫屋敷やよい	YayoichanHouse	?
wrld_fd896e43-922c-433e-b1ce-c02132220bc9	1	0	Yuiko	Yuiko's Hall of Memories	Explored
wrld_97ab5ebb-f867-4aa7-a0fd-e8aba1e9667c	1	0	Yuiko	Yuiko's Rock	Explored
wrld_dd8c25de-c755-484f-b5cc-259ba807267b	1	0	Rum Ham	Yukon Vacation Lodge	Explored
wrld_1ea53687-e6ec-4a36-883b-b6e6774655a0	1	0	Rsea_るしぃ	ZAPZAPBATH	?
wrld_383c3fd1-ef79-489f-a971-a025b53aadf3	1	0	Zixha	Zixha's Apartment	Explored
wrld_3856e382-7482-471f-9d9e-f5929e5f14f8	1	0	여우님	여우님's Hurya lake	Explored
wrld_b44964d5-9f41-4719-bb0d-685f438d9d99	1	0	Atto_あっと	オモイデに沈む前に -Before It Sinks in Memories-	Explored
wrld_05a179cd-bda9-464f-bf91-3597cfa6e27f	1	0	narazaka	お風呂のある部屋 YUTOROOM -ゆとるーむ-	?
wrld_ae4b9509-052b-4ed2-a327-646fdb20b9e9	1	0	ケセドCHESED	ケセドのカフェバー-CHESED's CAFE & BAR-	?
wrld_ee116de7-ee43-4977-b3cb-8915ff97ccf5	1	0	ケセドCHESED	ケセドのぬくぬくハウス-NUKUNUKU HOUSE-	?
wrld_ab92dc34-8024-40c6-839e-41778c72f45d	1	0	0Haniwa0	ことはのすいてい。	?
wrld_ab92dc34-8024-40c6-839e-41778c72f45d	1	0	0Haniwa0	ことはのすいてい。	Explored
wrld_0aec8e34-7d72-4321-b3ff-a35247e5d332	1	0	ぱんだ（graph）	ジャパニーズパリピ旅館	?
wrld_bc8b1fa6-fa58-41f2-ab85-377e9376dd4c	1	0	雨降り（あめふり）	スコフィドッグラン-Scofi's DogPark-	?
wrld_569eee3c-135b-4371-afbc-967041a6e7c6	1	0	ねこうるふ	はぴねこの里Night	Explored
wrld_518e90cd-1643-4665-a43b-9be77db8106b	1	0	Coquelicotz	ひなげし坂_HinageshiZaka	?
wrld_57915bce-a311-4e43-9acb-8cbe5f9882fb	1	0	ヒュリィ	ヒュリハウス ／ Hyuri House	?
wrld_c241d23b-cb41-4ece-8322-78276e78d71e	1	0	ティグリ赤なす（maro）	まろの大樹 -maro's cafe-	?
wrld_6a684395-0d2a-464b-848c-08149ff7f94b	1	0	Ricca Satsuki	もふもふ村 ~Fluffy Village~	?
wrld_5970f902-faf1-49c0-bdad-b2c197cd20f8	1	0	Elvis曉曉	冬雪假日 Warm Holiday	?
wrld_309c5e40-2ffa-423e-b316-2162ef5b6f5c	1	0	Leiria_vrc	夏夢島 -Summer Dream Island-	Explored
wrld_854020c3-426a-4e55-b36a-65ecbbf5d491	1	0	HANI․	夕焼けの帰り道ーOn my way home in the Sunset	?
wrld_dd913905-81b8-46e9-b8d5-fb8dd2e5a99d	1	0	ジャカランダ	夢の麦畑	?
wrld_82861a2b-5b04-42eb-899d-3db734f966e2	1	0	Leiria_vrc	宙夢島 -Stratoreverie Island-	Explored
wrld_7f057f79-0c1e-4f97-aeee-79eb176ed77c	1	0	雨音さかな	強制ミュート喫茶雨音 COFFEE SHOP AMANE	?
wrld_bec50d1e-25d0-41de-8729-ad2083885b52	1	0	yuki-jp	思い出の旅館	Explored
wrld_0c424bd0-8b8b-4612-8083-e6d4931865cf	1	0	ね（こ）	日記を書くための部屋	?
wrld_00f3d66b-a33d-4710-9040-ecb96ff24abd	1	0	ぷぷpupu	星のふるさと home of the stars	Explored
wrld_e980868e-7eb3-404e-8dd0-4513014d12ea	1	0	Kuzira_taro	暮色の孤島_Twilight Solitary Island	?
wrld_b0748170-ed80-4544-8c0f-d5c9f8a1d764	1	0	たくあん_	最終バス(LastBus)	?
wrld_3230fbe7-5de0-4967-88b5-02e461ec3d89	1	0	こごろ - kogoro	月光を辿り、意識の彼方へ	?
wrld_e7804a7e-9e09-4ec9-bada-2470d89ca0ef	1	0	sakanaplus	東雲風船 - SHINONOME BALLOON -	?
wrld_3c946e7c-abcd-47e6-bee1-73e8c4e85257	1	0	miyanohara	桜木社 -sakuragi shrine-	?
wrld_9dc7341a-1681-42af-bd38-44f774180708	1	0	LepyyJP	森奥のキャンプ場 ~DeepForestCamp~	?
wrld_78bba355-bab1-4cde-b3d2-29d34436ad9d	1	0	ぷいぷいぐーぐー	機動戦士Gundam GQuuuuuuX 二次創作ED部屋再現ルーム	?
wrld_627f7723-27e1-48ba-b262-588668815106	1	0	ぐーぜん	海の底、マ女の家 - The Witch's Hideaway	?
wrld_c4d572ac-7f36-4ff7-b0e0-0dc8efdab88d	1	0	Atto_あっと	独夜ノクターン -Nocturne in Lonely Night-	?
wrld_c4d572ac-7f36-4ff7-b0e0-0dc8efdab88d	1	0	Atto_あっと	独夜ノクターン -Nocturne in Lonely Night-	Explored
wrld_cffa12e7-77fb-4467-8d02-f57be336d584	1	0	MOFUx2Wing	秘密基地-Memories-	Explored
wrld_bc8c7cfa-3ac9-4080-a76b-b0ab2591f073	1	0	Fallen_ice	終末の天文台 / Abandoned Observatory	?
wrld_5907b973-4f48-40e6-ab68-ac7bb5078318	1	0	ジョニーJP	繁華街スパルタ【JP】	Explored
wrld_ee934498-9b3e-4787-a147-cc48b0b25817	1	0	ものくろーむ	胡蝶のかくれ家	?
wrld_7633bef2-f336-4cde-b7b5-7b9b9b1e2b48	1	0	ひなの。	蒼穹-Bloomin'-	?
wrld_a187561e-90fd-425b-b756-cc4748d34932	1	0	pakumaru	記憶の水槽 / Kioku no Suisou	?
wrld_2694a3d2-4656-4f15-8cf3-275dbff6981d	1	0	Atto_あっと	遠郷の冬めく処 -Nostalgic Winter Riverside-	Explored
wrld_eddae68e-ecfd-4560-95df-d7334a0ae2b3	1	0	Atto_あっと	遠郷の冬めく夜 -Nostalgic Winter Night-	Explored
wrld_3bfa6430-1536-45e6-a8ef-062b488aefab	1	0	Leiria_vrc	雪夢島 -Snow Reverie Island-	Explored
wrld_df5143d7-c649-45cc-a093-5f99adb05312	1	0	Fallen_ice	魔女の錬金工房(Witch's Alchemy Workshop)	?
wrld_4b938419-4f49-440a-8794-12aabd7dcd6e	1	0	cutefush鱼	鱼醺Fush's Bar 3.0	?
