wrld_7639c290-11db-451d-9935-fd553d092312	1	0	403tshr	_mtrx⁄⁄n1e79fb6fa864	Unexplored
wrld_cbd7de12-c62d-42d4-a473-b176187ea835	1	0	?	(Not) Victorian Pool	?
wrld_7378b3c5-89ef-4d49-bdaf-4f452e82dcb8	1	0	?	@ kart	?
wrld_d182a999-18e0-44e4-8a34-8951e4d085f6	1	0	?	A trip in the forest	?
wrld_03767856-5688-4121-a024-3e072932db05	1	0	Ten.exe	Aluminum	Unexplored
wrld_a922b8e1-2351-4c27-b370-4c7fb5dd79c3	1	0	?	AQUA HEAVEN - Waterpark Pool	?
wrld_16a35997-8b3f-4f16-92b0-d8b2f1c2ac96	1	0	?	Baked PANtasy	?
wrld_8a2dd34c-2f37-4497-a2c9-02275b797e52	1	0	-JackSea-	Blossom Rainfall	Unexplored
wrld_a1a1bae9-0003-429c-a5eb-ded571193b82	1	0	50chiffon	Break the Car	Explored
wrld_93fbc503-bc5b-4bc3-a4f7-7d289dc82740	1	0	?	Break the Glass!	?
wrld_096a1236-0363-43ab-9625-1d4fd35fb640	1	0	?	Camera Of Solaris	?
wrld_0a484a2f-6f4a-494b-84b0-c94f62ab05e1	1	0	?	Christmas Ice Hockey	?
wrld_f70de162-fbe2-47be-9530-fe81827abd61	1	0	?	Christmas Themepark!	?
wrld_bff9ded4-af0a-4783-8d24-e0df9625bd79	1	0	Axiomus	Chromatic Frequency	Unexplored
wrld_c6b4cd2d-1ee8-4804-965a-46d5da14378d	1	0	Kakulity	Circles	Unexplored
wrld_9d8c44b5-201d-4c0c-af59-455b3cbe705f	1	0	Len2	Cosmic JellyFish	Unexplored
wrld_c2c0a30b-51d8-46d1-a62f-d17b0ca28911	1	0	?	Cosmos	?
wrld_b1a3e2bc-8066-41cc-9983-f7fd98f53cb4	1	0	?	Crimson Valley	?
wrld_3abb1506-f2b2-4222-b8f7-1615af165c10	1	0	?	Cyber City Drive	?
wrld_67c98ecd-a7c0-4be3-869b-88df28c0b803	1	0	?	Digital Ueno Park	?
wrld_3a6be768-6025-4123-a98e-1cc4fccbfc42	1	0	suzuki_i	Eccentric Mirrors	Explored
wrld_d9b3fd1c-a4ac-4671-8766-17cdb561732a	1	0	?	Exhibition / little traitors	?
wrld_942421ba-becf-4907-b56f-47070cc816cc	1	0	?	Exhibition: 1٪ of Virtuality	?
wrld_7281543e-6888-4676-896a-fdd090552fc4	1	0	?	Exoplanet Journey	?
wrld_f1793e48-7e33-411d-8da8-6714442144d9	1	0	?	Fire Wash Simulator	?
wrld_af77ea79-f05f-4081-803d-38ca4f75216a	1	0	BigChickenLover	FireTornado	Unexplored
wrld_bb922faf-ade3-4b6a-a22e-545de8176c80	1	0	FictionalCat	Flying Windows98	Unexplored
wrld_9a17a599-e79d-4b12-b9fb-3bc3fc95fcdc	1	0	?	Fujino-GT	?
wrld_4e525ff3-9fd6-44b6-b315-da88ef085705	1	0	?	Fukutoshin Expressway	?
wrld_4045ad56-51d7-4e45-9a34-aeeefa5a1bba	1	0	?	FULLMETAL NOAH'S ARK	?
wrld_f9a23ea5-9b7d-4d62-9d0f-13b1e9ffa30f	1	0	?	Gallery & fanCafe Kittens	?
wrld_4be21def-d9bb-446d-8656-eb0d896401ca	1	0	?	Graphilia	?
wrld_8be08902-6cb2-43f5-a978-b12d9310b26a	1	0	TORISOUP	Grapnel Gun Playground	Explored
wrld_8ac2305e-6141-4eb4-b0e9-ea2c9d2b72a8	1	0	?	Hokyl Night	?
wrld_4f2e8589-99cb-4df5-8d20-d81a551256c1	1	0	?	Hue Flux	?
wrld_957b43c2-8652-4a9f-b19e-2f97393f871f	1	0	?	In to the Sphere	?
wrld_d836c3a4-4f9d-4f58-95f0-818ccd07cc4d	1	0	?	Infinite Boxes	?
wrld_c937bde4-b585-4e6b-9623-d16525780287	1	0	?	Inter-action on the Math	?
wrld_5789f8e1-d2fa-4b5d-97bf-52a927b080e2	1	0	?	Interactive Cafe Doitsu	?
wrld_647b3297-a7ff-46cf-bb90-a3c628169e2d	1	0	?	Isolation: Inverted Panopticon	?
wrld_f536b76e-feef-4b26-8f0f-83e5427d9312	1	0	?	Just Perler Beads ~アイロンビーズカフェ~	?
wrld_c280ec6a-c579-4636-b3f1-d01b5df69a62	1	0	?	kute mute!	?
wrld_668e8d21-79a0-4ee5-a2cf-3b5f371a92bf	1	0	?	Light Aquarium	?
wrld_47948cbd-b114-4360-b50d-0a3ccaa442d9	1	0	orels1	Lighthouse in the Snow	Explored
wrld_ca0689e4-1be4-4cf8-b562-469660b1a4d0	1	0	Kittenji	Lightless	Unexplored
wrld_2a99b5bc-5ad9-4f5a-af2a-35b1c2ba0b8e	1	0	?	Little Planet	?
wrld_c0339c2b-7921-4d66-ba54-2c18839dee76	1	0	Little Yui	Long Lost Tree	Unexplored
wrld_10fb84b4-9997-4850-ae31-7ad44a568338	1	0	?	Marbles Test Public	?
wrld_2c71614b-76bb-4fcb-83d6-059bf47f5326	1	0	TontonDemon	Matrix...	Unexplored
wrld_1677752b-1b29-4871-a740-7e418bb30e78	1	0	?	Monument	?
wrld_753cc4ed-42ac-42e6-b2a5-156085982381	1	0	?	Nature : GoldenValley	?
wrld_544e7879-d870-42a2-9c7a-99eb95a8e62f	1	0	?	NeoWorlds	?
wrld_6bfb2407-1f1d-411b-bb6b-ccd13288774a	1	0	?	NUCLEUS	?
wrld_12860539-2788-4fd9-95ae-218437ef5a96	1	0	?	Octahedron	?
wrld_69c9f664-761f-4767-b649-51c1a25a0e17	1	0	?	Paint Mixer - Prefab World Jam	?
wrld_577b970c-6f73-4497-9528-99db849010cd	1	0	?	Parasol Sky Walk	?
wrld_9fed48c5-1d44-438f-8df5-1c33e46535a5	1	0	龍 lilea	Point Cloud Geidai - YOZAKURA-	Unexplored
wrld_9b3c5020-071d-405c-a753-1ff4a8c416ee	1	0	Poof	Poof Shaders	Unexplored
wrld_5ba11740-e5b8-41cb-a38d-756d49fb4e14	1	0	?	Procedural Climbing	?
wrld_4c5d0ef0-18d2-4b4d-9345-9795fd8c7a30	1	0	?	Rat Gallery	?
wrld_3f4e1cf3-9551-4599-86bb-a1945dba41d6	1	0	?	Sensory Rooms	?
wrld_b526c3e0-7c32-4774-931e-5dcbdd125794	1	0	ShaderFes	ShaderFes 2021	Explored
wrld_17dab758-b67d-4402-9449-170d76cdc098	1	0	emymin	Shadow Factory	Unexplored
wrld_317d7b78-5bf7-4c53-ad06-65d1608cb1b1	1	0	?	Sky Lanterns	?
wrld_f43ddc29-67a0-441f-9816-8652c7fca7b4	1	0	?	SNR_test_001	?
wrld_3dacf2ce-1217-47d9-8fbc-c9d60c909bd3	1	0	?	Spherical Depth Field	?
wrld_49c02062-8c55-4ac6-946c-3de4054362ac	1	0	?	Squat world beta	?
wrld_63bf7009-3011-4604-b7b8-3987ed6a99bb	1	0	?	Star Wand	?
wrld_4d5641d9-7192-455f-8fd7-06f8b272d81c	1	0	?	StarNight	?
wrld_980b1df2-4aae-44a7-af12-b5834c3ab906	1	0	Hayase Asakura	Structure X-2․12․1․3․11․8․15․12․4․	Unexplored
wrld_4f0c47f2-716a-4c03-9087-7996d2f6766a	1	0	?	Subway simulator [Beta]	?
wrld_22e084a3-40ba-45e2-8c9d-00ede1b3f4be	1	0	?	Surfing	?
wrld_e21275df-de21-4eca-b7aa-f7710cc50278	1	0	QuarT0niX	Suspended in Time	Unexplored
wrld_f612c90d-1a12-4355-8683-215c3a34c8ed	1	0	Thad Gyther	Thad Magic Mirrors - マジカル鏡	Unexplored
wrld_02f9b2de-f61d-4e7c-9b39-7f86ea436f72	1	0	Thad Gyther	Thad Mandelbox	Explored
wrld_ce3d5b50-b247-4442-9078-758ca0127bce	1	0	Thad Gyther	Thad Recursive Room	Explored
wrld_8364cbd6-819b-4737-acc3-6279e07cf0f6	1	0	?	The Tenth Floor ((Horror))	?
wrld_50d4bef1-dd24-47b9-9683-a08160856487	1	0	?	Tray Racing	?
wrld_551c30cb-0e56-4c69-9176-10e259a89e2a	1	0	1001	Treehouse in the Shade	Unexplored
wrld_343ea4b0-6d03-48cc-8cb8-756bd5ab0100	1	0	?	Udon Wall Paint	?
wrld_0e5da807-4ced-4017-a25c-1b2f39ecd097	1	0	iffn	UdonSharp Tutorial	Explored
wrld_2fa99a4a-37f8-4c2c-a882-86d80efb3017	1	0	?	UNDERGROUND CITY	?
wrld_6e77d07a-bc4e-4944-9a38-d922793b4ed5	1	0	?	University Lecture Room	?
wrld_0300ade5-3e55-4768-8c43-cfb6fd8ddb32	1	0	TORISOUP	Urban Zipline	Explored
wrld_8095bb44-5be8-4738-857d-9f02693840bb	1	0	?	Vastitas	?
wrld_d141fbfd-9640-4c8e-afb1-027685ea68dd	1	0	?	What Is Virtual Art - Volume 1	?
wrld_7e5a6323-e742-4cd8-8ef0-a26883bb6087	1	0	Megumin_HK	Σακυrαβυrέτ	Unexplored
wrld_9ceebde5-fadc-4279-9e4f-fb2d0db80e0c	1	0	?	まろの港町 -Port town-[Night]	?
wrld_d1fdf86b-e756-441f-abb1-3679b9642759	1	0	?	モ式 Gimmick Showroom	?
wrld_7f057f79-0c1e-4f97-aeee-79eb176ed77c	1	0	?	強制ミュート喫茶雨音 COFFEE SHOP AMANE	?
wrld_9fb46a43-22d8-4b7f-b7d1-334158f144d8	1	0	?	星蒼の安息地 -StarReverie Rest-	?
wrld_4d261c04-5a2d-46f0-97b2-cfc8308aa78c	1	0	?	村雨 - Murasame -	?
