wrld_a62b71e9-a02d-49dc-a5ac-e7cf53ef727d	1	0	Ende	./ complication	Explored
wrld_e7370567-0c86-4ea5-a658-2043034e1fd6	1	0	별 보기	[Tragedy]사랑은 내게 비극이어라	Explored
wrld_b34d7615-f76e-4e85-9068-5064d09fa6ef	1	1	Wyldcard	A Land Beyond The Void	Explored
wrld_d182a999-18e0-44e4-8a34-8951e4d085f6	1	0	Thrill	A trip in the forest	Explored
wrld_31a96742-b161-4f76-96c5-5105b64ff0f7	1	0	M E R C	ADRIFT	Explored
wrld_2d140e72-69b9-428d-b07c-cc2df14f219e	1	0	SOUKIさんだよ。	ARCHIVIST	Explored
wrld_34693736-118a-4a1f-9b4d-95b866ed83a7	1	1	Vectriel	Astral Bounds	Explored
wrld_198900b4-de5c-4dfc-98c8-43d3116bfadc	1	0	Andron827	autumn 秋	Underexplored but hard to engage
wrld_0399228a-274e-4e6c-a6ce-dffa345e33e1	1	0	MirukuS․	Broken	Explored
wrld_ceb47f55-79e5-445d-b411-218c255fa72c	1	1	littlewhinging	Brutalist McDonalds	Explored
wrld_99a87607-b5fe-4d2a-98e4-10a3d9dce311	1	0	Lavryou	Celestium	Explored
wrld_4aaedbad-8d02-4163-bbe1-268a52ec5432	1	1	Mankey	Emerald Valley	Explored
wrld_0c3c0636-00db-4e81-87a4-ff0bac24856c	1	0	jasper ｡	Esoterica	Explored
wrld_d9b3fd1c-a4ac-4671-8766-17cdb561732a	1	1	haruki_haru	Exhibition / little traitors	Explored
wrld_966562e0-5c59-44c4-b69e-99c4519eb5a8	1	1	xlxxl	FLASHING WARNING	Explored
wrld_5435cba2-497b-4471-a32a-a56ad52dbbd5	1	0	theycallhimcake	Forgotten Plaza - Palm Plaza Mall	Explored
wrld_c937bde4-b585-4e6b-9623-d16525780287	1	0	phi16	Inter-action on the Math	Explored
wrld_9953a896-7e4f-4646-ad45-5bcc3d6d884a	1	0	Peculiar Sana	Interior Worlds VR Sample	Explored
wrld_957186d8-0751-4a92-b20c-0e88a51e2d25	1	0	marbleaide	Interstitial Space	Explored
wrld_647b3297-a7ff-46cf-bb90-a3c628169e2d	1	0	Synt	Isolation: Inverted Panopticon	Explored
wrld_b50ec985-000b-42c8-ba70-baf047ec075f	1	1	Marc_99	KiraKira	Explored
wrld_a7a1aed7-f025-4b8e-83af-a8dc8355209f	1	0	F I J I W A T E R	Liminal Spaces	Explored
wrld_0bb9c46a-1acf-455f-bd61-42466700845a	1	1	Co Roro	Lost Way	Explored
wrld_08631fa3-f981-4f23-9bd8-c90a1a950edc	1	1	Anonine_	Marble Dream	Explored
wrld_03ca2cf0-d7cb-46b7-b725-fdac5d8e1ced	1	1	EstyOctober	Mirrored Flowers - 鏡に咲く花	Explored
wrld_a450b8bd-0dc6-467b-a19c-3a2ada5995e8	1	1	libellule86	Mystic Space	Explored
wrld_ae6682d9-46a4-4255-8233-65f4fdbe70db	1	0	Ende	Neon Territory	Explored
wrld_8eba92d3-2f08-4d57-bcdf-606326e5961b	1	0	dahanjax	Nowhere	Explored
wrld_f3fbb28f-f83f-4ed4-a6fc-8a20c9d7d43e	1	0	Axinovium	Observatorium Aureatus	Underexplored
wrld_de53549a-20cf-4c6f-abea-dcda197e1e16	1	0	DrMorro	ORGANISM	Explored
wrld_69c9f664-761f-4767-b649-51c1a25a0e17	1	0	MMMaellon	Paint Mixer - Prefab World Jam	Explored
wrld_298cb86e-75ba-4ac9-bad2-b7be1b497bc1	1	0	Sumeru	Phatta	Explored
wrld_cd1ccf10-7be3-4576-807a-c78c89167b80	1	0	haicat	Psychedelia	Explored
wrld_106b96e4-9a88-4949-81e0-c7acf25fbeeb	1	0	SOUKIさんだよ。	raison d'être	Explored
wrld_9d44c11a-1c09-4cfe-bae3-4532a47dec00	1	0	sɪᴍᴘʟᴇ - ᴡᴀᴛᴇʀ	REALITY IS WRONG	Explored
wrld_92b97903-49f6-478c-9099-8858643e7a02	1	0	knfoxl	Refusave	Explored
wrld_48102af8-3f24-42e9-b9e0-851dbe7e930d	1	0	Anonine	Ribbon Citadel	?
wrld_ad12ab9a-6cf1-42af-b9aa-b6fd4973e290	1	0	knfoxl	Richocheive	Explored
wrld_371ac143-2d2e-43ba-93be-d29effba1fac	1	0	Peachy_Fried	Roman Dream Pool	Explored
wrld_3f4e1cf3-9551-4599-86bb-a1945dba41d6	1	1	kewlbunny	Sensory Rooms	Underexplored
wrld_80aa6dac-48b6-46b3-8a45-9870901259a4	1	0	Siromori	Ship in Clouds	Explored
wrld_5b958d11-0712-4a20-928f-53e9661115d5	1	1	Tararo	Stagnatum	Explored
wrld_4d5641d9-7192-455f-8fd7-06f8b272d81c	1	0	淵華-huchika-	StarNight	?
wrld_4a566ff8-2445-46d0-bcf1-87a479af9b33	1	0	Octuplex	Suguru Tanaka's Tall Room	Explored
wrld_ec2dd8a4-6875-46fb-9699-071cb0e8bdbd	1	0	durk＠work	SUKU	Explored
wrld_a8869e06-5e83-4fd0-a486-4abac93dd7e8	1	0	Axinovium	Telos Initiative - Grid	Explored
wrld_6325c346-2ea9-4bc5-8d65-59cd7e700d06	1	1	Octuplex	Terra Cotta Valley	Explored
wrld_a8df1870-2d52-4815-8843-9c1a55978600	1	0	Cøzen	The Hideout	Explored
wrld_3d425f09-a92f-48c1-b68a-12269ebadc28	1	1	Moavi	The Painted Chapter	Explored
wrld_41e8b241-5ebe-4d1e-9099-197357845ee7	1	0	Schizy	The Schism	Explored
wrld_b6972019-8f92-46e7-bb74-2463c4c23456	1	0	Artist3d	Tranquility Dream Base	Explored
wrld_df92b201-ce69-4781-8ba1-53cac3cb3f73	1	1	MetaRick	UNCANNY ALLEY 不気味の路地	Explored
wrld_2df22618-0acf-4717-8e20-087574d08d39	1	1	screamingcolor	Uncanny Lounge	Explored
wrld_c248c8bb-512a-4ff1-befc-f0cc19d44e45	1	0	monet_lake（もね）	UNDERSALON.	Explored
wrld_6cb6ed30-d82c-4dde-ac1f-019cb4b3aab2	1	0	konatu	VagueAnxiety	Explored
wrld_8095bb44-5be8-4738-857d-9f02693840bb	1	0	Mezion	Vastitas	Underexplored?
wrld_d4d009ed-06ea-4148-b1d1-fea5206c175f	1	1	Premium²	vent.	Explored
wrld_d141fbfd-9640-4c8e-afb1-027685ea68dd	1	0	VMoVA	What Is Virtual Art - Volume 1	Revisit?
wrld_fc3102d4-9793-493e-a0f0-28bc30bf32f2	1	1	Artist3d	Where Spheres Touch II	Explored
wrld_0ae80337-5b83-4150-b5b5-d10afbc9aabc	1	1	Deryvier	Wind Of Change - Deryvier Music	Explored
wrld_a99b6c92-80e8-4455-93d6-f9d41bf02c07	1	0	durk@work	Zuikertuin	Explored
wrld_95d0b855-71cb-4e08-8ec3-03bd943ca091	1	1	Playbone＠ZZ ZZZ	ハコがありまして。There is a box.	Explored
wrld_8e362f79-0a56-4013-8412-3935e3e41d7e	1	0	Atto_あっと	最果天元 -キアズマプリズム- XhiasmaPrizm -MemOrigins-	Explored
wrld_ac1cd2f0-a470-45e7-83f4-4a74c166af33	1	0	元气克星花阳	梦之所及3	Explored
