wrld_88c85201-35fa-4dad-87a9-eb6cfecd8987	1	0	Daniel81（だにえる）	[!] Particle Live World Collection	Underexplored
wrld_31672c4b-9eac-4b13-9055-3e078507d0f3	1	0	skkn	[VMV] CC type01	Explored
wrld_39134cf3-dab1-4f01-a84d-e9a206138a2c	1	0	ru--san	【particle】THE MESSENGER	Explored
wrld_d182a999-18e0-44e4-8a34-8951e4d085f6	1	0	Thrill	A trip in the forest	Explored
wrld_df15c8a3-a14e-413f-a9ca-3d922d03f300	1	0	TontonDemon	ASTEROID FIELD...	Explored
wrld_34693736-118a-4a1f-9b4d-95b866ed83a7	1	0	Vectriel	Astral Bounds	Explored
wrld_116b2ac6-15e8-474c-993b-6c2e6e337584	1	0	Rusty Beans	Audio Waves (Video Player)	Unexplored
wrld_5edb4d7d-2400-49f8-bae1-a8eb48a258e2	1	0	Kilerbomb	AudioOrbs (Video Player)	Explored
wrld_3dcabc45-b66b-4d38-abaa-d2922ca4d678	1	0	EstyOctober	Beyond a bit - 想像のちょっと先へ	Explored
wrld_8a2dd34c-2f37-4497-a2c9-02275b797e52	1	0	-JackSea-	Blossom Rainfall	Unexplored
wrld_728ae286-cf37-44a6-80d6-41dbfa1a1564	1	0	Vonast	CHAINSAW MAN˸ Hawatari 2-oku Centi (EPILEPSY+NAUSEA WARNING)	Explored
wrld_1eee5892-371d-43b1-b8af-0afaa635b401	1	0	ぐっちうぱるぱ	Colorblind	Explored
wrld_a1071eb7-e16c-4a52-bd6e-c0efdb1b5ea5	1	0	0b4k3	CUE [Archive] (Set Playback)	Explored
wrld_ee5e40ef-7d4b-4e18-ab02-0dbec0b08940	1	0	Dangleberry	Dangleberry's Particle Animations (Multi-artist)	Explored
wrld_6a1f00c0-5eda-4a60-8876-f51b46c075cb	1	0	GuusDeKroon	Disneyland Paris: Illuminations	Explored
wrld_f72d7139-dae8-4372-a28e-fb50ec161689	1	0	ReddPanda & Gyle	Everything Goes On	Explored
wrld_87133884-b305-4d98-9604-20ffa5f89c9c	1	0	VR_SMEJ	FZMZ Point Zero	Explored
wrld_6999f8d2-feb6-4d95-bfbd-05203632161a	1	0	Mochie	Get Your Wish	Explored
wrld_67276d4c-7883-49e1-887f-1d63a2f5637b	1	0	PK	God is a DJ (1h45m Album)	Explored
wrld_04e9f53d-7291-4d9a-a21f-02b167af01bb	1	0	PK	Halcyon	Unexplored
wrld_75508abb-d2b1-43cb-a7c9-40fa7884371b	1	0	HoneyWeeWee	Horizon Music Particle	Unexplored
wrld_63a29253-9dbd-4735-af3b-94be8a8bfeee	1	0	ReddPanda	HyperParticles (Album)	Unexplored
wrld_b50ec985-000b-42c8-ba70-baf047ec075f	1	0	Marc_99	KiraKira	Explored
wrld_fcf4b4b3-6238-48b3-a06d-9e30eb7ac368	1	0	Gyle	KLK Animation World (Multi-artist)	Explored
wrld_47948cbd-b114-4360-b50d-0a3ccaa442d9	1	0	orels1	Lighthouse in the Snow (Video Player)	Explored
wrld_62e297ba-f2a2-44e8-a37e-7bd57079efee	1	0	PK	LLLL - Silent Dawn (Set Playback)	Explored
wrld_83f73f36-f403-4925-8b5d-acde847bd30f	1	0	PK	Munch	Unexplored
wrld_a450b8bd-0dc6-467b-a19c-3a2ada5995e8	1	0	libellule86	Mystic Space	Explored
wrld_6bda37bd-00c6-4eb5-980b-24a89cd0232f	1	0	HoneyWeeWee	ODESZA - A Moment Apart	Unexplored
wrld_7d0b334a-7916-453e-ab16-b971069e7b24	1	0	HoneyWeeWee	ODESZA - A Moment Apart Mix	Unexplored
wrld_f775680e-5265-4a2d-aca5-7d15cc7f9a0b	1	0	HoneyWeeWee	ODESZA - Corners of the Earth	Unexplored
wrld_827933db-59d3-476f-9df8-c75bf6aaef86	1	0	HoneyWeeWee	ODESZA - Equal	Unexplored
wrld_97a7ef3d-74a7-49a9-a7a2-5d2f46f08167	1	0	HoneyWeeWee	ODESZA - How Did I Get Here	Unexplored
wrld_5dbc93ce-306c-408d-bc5d-0ce9d34ba232	1	0	HoneyWeeWee	ODESZA - In Return	Unexplored
wrld_75f65275-bbd4-4699-8cac-616cf31a9833	1	0	HoneyWeeWee	ODESZA - Loyal	Unexplored
wrld_b8fa5542-e2af-4856-b08f-0e6de1aee125	1	0	HoneyWeeWee	ODESZA - Thin Floors And Tall Ceilings	Unexplored
wrld_442fc760-b207-46b9-a527-48caa82673aa	1	0	SkyeSage	Orbit	Explored
wrld_52d5dd9e-3b33-4cf2-a41b-cfd1a71640c8	1	0	VRrOOm	Oxymore Official World (Set Playback)	Explored
wrld_37c34e4a-eb97-4d99-9a8e-fcf0350b62b9	1	0	Paroji-ぱろじ	Paroji's New Year Torii 2024【Particle Live】	Explored
wrld_854f1b5e-fb78-4e8f-9bb6-7ee36a88f8cd	1	0	れみーと	PARTICLELIVE 【すきなことだけでいいです】	Explored
wrld_a96c95fb-34c8-46d0-af6f-e0ca891e47f6	1	0	SkyeSage	Polyrhythm	Explored
wrld_8b654d41-53ea-43c9-abf8-284370f06310	1	0	ReddPanda	Redd's Animation World (Multi-artist)	Explored
wrld_f17af36e-3f95-4602-8888-993ffc3e3e48	1	0	xCirrex	Refulgent (Set Playback)	Explored
wrld_1368c6c7-d882-44c5-9134-2488fc5265a8	1	0	Reimhak	Reimhak's Virtual Live World v2	Explored
wrld_9c7cb9ff-1d8e-47e2-962f-4be478e4016c	1	0	れみーと	remiito`s PARIPI World	Explored
wrld_4224ef76-e31b-45a2-8689-bb2ec237a1a5	1	0	SANCTUM_STUDIO	SANCTUM SHOWCASE	Explored
wrld_d698e6ef-b79d-485d-92a8-698d5eab669b	1	0	Theslythief	Secret Sky Stadium (Album)	Explored
wrld_2d764768-64be-4939-9295-85e7038dbb21	1	0	Izzit7	SodaWorld	Explored
wrld_c2a41f2a-3593-4d43-9a2d-e2da3ab2d117	1	0	Spych	Spych Boat	Explored
wrld_f80ef734-a8da-43b0-9f6c-05f864cbea40	1	0	0b4k3	TECHNOVINEGAR	Explored
wrld_d13027bc-fc2b-4422-a6f1-8fa232222446	1	0	Mochie	The Edge	Explored
wrld_551c30cb-0e56-4c69-9176-10e259a89e2a	1	0	1001	Treehouse in the Shade (Video Player)	Explored
wrld_2df22618-0acf-4717-8e20-087574d08d39	1	0	screamingcolor	Uncanny Lounge	Explored
wrld_18d86de9-ddf5-4d2e-9470-bf178f67ed56	1	0	Apathy	We were lonely together	Unexplored
wrld_ecc3e12e-9e41-4cc1-8fb8-d5873b06d265	1	0	Skuld	world.execute(me);	Explored
wrld_55d36f31-45b2-40b5-b3ed-db20ed29393e	1	0	xCirrex	xCirrex Virtual Concert	Explored
wrld_8bbb6f61-61cf-4243-a58e-2000f2740e2b	1	0	VR_SMEJ	よるとうげ -Yorutouge-	Explored
